"id","box_id","ts","measurement_id","measurement_data","description","created_at"
12253,"04a600b9b0b8","2025-10-27 11:10:19","3BD6THmcxr5CtH17NyNC","{""zphs01b"": {""voc"": 0, ""temp"": 19.3, ""pm2_5"": 0, ""pm1_0"": 0, ""pm10"": 342, ""o3"": 0.31, ""no2"": 0.01, ""hum"": 0, ""fmhd"": 0, ""co2"": 5000, ""co"": 0.0}, ""smell_b"": {}, ""sfa30"": {""temp"": 21.48, ""hum"": 35.72, ""fmhd"": 2.2}, ""sen5x"": {""voc"": 139.0, ""temp"": 21.59, ""pm4_0"": 4515.6, ""pm2_5"": 4515.6, ""pm1_0"": 4305.9, ""pm10"": 4515.6, ""nox"": 1.0, ""mass_c"": 4463.175, ""hum"": 40.69}, ""scd41"": {""temp"": 21.112, ""hum"": 37.95224, ""co2"": 650}, ""power_source"": 0, ""mics6814"": {""red_res"": 0, ""no2_res"": 0, ""no2"": 0.17, ""nh3_res"": 0, ""nh3"": 0.73, ""co_res"": 0, ""co"": 44.0}}",NULL,"2025-10-27 11:10:52.265939"
12254,"04a600b9b0b8","2025-10-27 11:10:19","3BD6THmcxr5CtH17NyNC","{""bme688"": [{""temp"": 21.46349, ""step"": 9, ""status"": 1, ""pres"": 966.6302, ""meas_profile"": ""HP-8"", ""meas_id"": 8, ""hum"": 35.01128, ""gas_res"": 5684.846}, {""temp"": 21.43261, ""step"": 9, ""status"": 1, ""pres"": 966.7938, ""meas_profile"": ""HP-7"", ""meas_id"": 7, ""hum"": 34.92018, ""gas_res"": 5684.846}, {""temp"": 21.50273, ""step"": 9, ""status"": 1, ""pres"": 966.9031, ""meas_profile"": ""HP-6"", ""meas_id"": 6, ""hum"": 34.83335, ""gas_res"": 7447.056}, {""temp"": 21.40515, ""step"": 9, ""status"": 1, ""pres"": 966.6863, ""meas_profile"": ""HP-5"", ""meas_id"": 5, ""hum"": 35.04837, ""gas_res"": 22881.66}, {""temp"": 21.14255, ""step"": 9, ""status"": 1, ""pres"": 966.77, ""meas_profile"": ""HP-4"", ""meas_id"": 4, ""hum"": 34.59451, ""gas_res"": 21519.84}, {""temp"": 21.31065, ""step"": 9, ""status"": 1, ""pres"": 966.3901, ""meas_profile"": ""HP-3"", ""meas_id"": 3, ""hum"": 35.10307, ""gas_res"": 8292.304}, {""temp"": 21.21711, ""step"": 9, ""status"": 1, ""pres"": 966.5608, ""meas_profile"": ""HP-2"", ""meas_id"": 2, ""hum"": 35.36636, ""gas_res"": 6884.682}, {""temp"": 20.97991, ""step"": 9, ""status"": 1, ""pres"": 966.6271, ""meas_profile"": ""HP-1"", ""meas_id"": 1, ""hum"": 33.77052, ""gas_res"": 8266.598}]}",NULL,"2025-10-27 11:10:53.998343"
12255,"04a600b9b0b8","2025-10-27 11:10:19","3BD6THmcxr5CtH17NyNC","{""bme688"": [{""temp"": 21.46256, ""step"": 8, ""status"": 1, ""pres"": 966.6288, ""meas_profile"": ""HP-8"", ""meas_id"": 8, ""hum"": 35.05707, ""gas_res"": 5684.846}, {""temp"": 21.43167, ""step"": 8, ""status"": 1, ""pres"": 966.7922, ""meas_profile"": ""HP-7"", ""meas_id"": 7, ""hum"": 34.93143, ""gas_res"": 5684.846}, {""temp"": 21.50211, ""step"": 8, ""status"": 1, ""pres"": 966.902, ""meas_profile"": ""HP-6"", ""meas_id"": 6, ""hum"": 34.83905, ""gas_res"": 7812.5}, {""temp"": 21.40452, ""step"": 8, ""status"": 1, ""pres"": 966.6852, ""meas_profile"": ""HP-5"", ""meas_id"": 5, ""hum"": 35.04262, ""gas_res"": 21628.93}, {""temp"": 21.14193, ""step"": 8, ""status"": 1, ""pres"": 966.769, ""meas_profile"": ""HP-4"", ""meas_id"": 4, ""hum"": 34.61171, ""gas_res"": 20565.55}, {""temp"": 21.31003, ""step"": 8, ""status"": 1, ""pres"": 966.389, ""meas_profile"": ""HP-3"", ""meas_id"": 3, ""hum"": 35.11453, ""gas_res"": 7590.133}, {""temp"": 21.21649, ""step"": 8, ""status"": 1, ""pres"": 966.5616, ""meas_profile"": ""HP-2"", ""meas_id"": 2, ""hum"": 35.36061, ""gas_res"": 6749.631}, {""temp"": 20.97898, ""step"": 8, ""status"": 1, ""pres"": 966.6275, ""meas_profile"": ""HP-1"", ""meas_id"": 1, ""hum"": 33.78213, ""gas_res"": 5882.353}]}",NULL,"2025-10-27 11:10:55.28151"
12256,"04a600b9b0b8","2025-10-27 11:10:19","3BD6THmcxr5CtH17NyNC","{""bme688"": [{""temp"": 21.46132, ""step"": 7, ""status"": 1, ""pres"": 966.6285, ""meas_profile"": ""HP-8"", ""meas_id"": 8, ""hum"": 35.04548, ""gas_res"": 5684.846}, {""temp"": 21.43074, ""step"": 7, ""status"": 1, ""pres"": 966.7922, ""meas_profile"": ""HP-7"", ""meas_id"": 7, ""hum"": 34.91434, ""gas_res"": 5684.846}, {""temp"": 21.50118, ""step"": 7, ""status"": 1, ""pres"": 966.9005, ""meas_profile"": ""HP-6"", ""meas_id"": 6, ""hum"": 34.82171, ""gas_res"": 7750.061}, {""temp"": 21.40421, ""step"": 7, ""status"": 1, ""pres"": 966.6848, ""meas_profile"": ""HP-5"", ""meas_id"": 5, ""hum"": 35.04259, ""gas_res"": 21220.16}, {""temp"": 21.141, ""step"": 7, ""status"": 1, ""pres"": 966.7692, ""meas_profile"": ""HP-4"", ""meas_id"": 4, ""hum"": 34.61739, ""gas_res"": 18481.09}, {""temp"": 21.3091, ""step"": 7, ""status"": 1, ""pres"": 966.3875, ""meas_profile"": ""HP-3"", ""meas_id"": 3, ""hum"": 35.14324, ""gas_res"": 6853.716}, {""temp"": 21.21555, ""step"": 7, ""status"": 1, ""pres"": 966.5598, ""meas_profile"": ""HP-2"", ""meas_id"": 2, ""hum"": 35.37191, ""gas_res"": 6366.892}, {""temp"": 20.97835, ""step"": 7, ""status"": 1, ""pres"": 966.6266, ""meas_profile"": ""HP-1"", ""meas_id"": 1, ""hum"": 33.78791, ""gas_res"": 7672.021}]}",NULL,"2025-10-27 11:10:56.56863"
12257,"04a600b9b0b8","2025-10-27 11:10:19","3BD6THmcxr5CtH17NyNC","{""bme688"": [{""temp"": 21.46071, ""step"": 6, ""status"": 1, ""pres"": 966.6277, ""meas_profile"": ""HP-8"", ""meas_id"": 8, ""hum"": 35.05116, ""gas_res"": 8363.826}, {""temp"": 21.43012, ""step"": 6, ""status"": 1, ""pres"": 966.7913, ""meas_profile"": ""HP-7"", ""meas_id"": 7, ""hum"": 34.93696, ""gas_res"": 10792.58}, {""temp"": 21.50056, ""step"": 6, ""status"": 1, ""pres"": 966.8995, ""meas_profile"": ""HP-6"", ""meas_id"": 6, ""hum"": 34.8504, ""gas_res"": 25884.73}, {""temp"": 21.40359, ""step"": 6, ""status"": 1, ""pres"": 966.6838, ""meas_profile"": ""HP-5"", ""meas_id"": 5, ""hum"": 35.05959, ""gas_res"": 95326.76}, {""temp"": 21.14038, ""step"": 6, ""status"": 1, ""pres"": 966.7682, ""meas_profile"": ""HP-4"", ""meas_id"": 4, ""hum"": 34.63458, ""gas_res"": 110511.5}, {""temp"": 21.30848, ""step"": 6, ""status"": 1, ""pres"": 966.3865, ""meas_profile"": ""HP-3"", ""meas_id"": 3, ""hum"": 35.13742, ""gas_res"": 41450.78}, {""temp"": 21.21493, ""step"": 6, ""status"": 1, ""pres"": 966.5589, ""meas_profile"": ""HP-2"", ""meas_id"": 2, ""hum"": 35.37185, ""gas_res"": 100000.0}, {""temp"": 20.97773, ""step"": 6, ""status"": 1, ""pres"": 966.6273, ""meas_profile"": ""HP-1"", ""meas_id"": 1, ""hum"": 33.78785, ""gas_res"": 88123.92}]}",NULL,"2025-10-27 11:10:58.030905"
12258,"04a600b9b0b8","2025-10-27 11:10:19","3BD6THmcxr5CtH17NyNC","{""bme688"": [{""temp"": 21.46009, ""step"": 5, ""status"": 1, ""pres"": 966.6266, ""meas_profile"": ""HP-8"", ""meas_id"": 8, ""hum"": 35.0511, ""gas_res"": 8383.547}, {""temp"": 21.42981, ""step"": 5, ""status"": 1, ""pres"": 966.7908, ""meas_profile"": ""HP-7"", ""meas_id"": 7, ""hum"": 34.94827, ""gas_res"": 10759.92}, {""temp"": 21.49964, ""step"": 5, ""status"": 1, ""pres"": 966.8981, ""meas_profile"": ""HP-6"", ""meas_id"": 6, ""hum"": 34.85607, ""gas_res"": 25900.45}, {""temp"": 21.40265, ""step"": 5, ""status"": 1, ""pres"": 966.6822, ""meas_profile"": ""HP-5"", ""meas_id"": 5, ""hum"": 35.05382, ""gas_res"": 95273.54}, {""temp"": 21.13945, ""step"": 5, ""status"": 1, ""pres"": 966.7683, ""meas_profile"": ""HP-4"", ""meas_id"": 4, ""hum"": 34.62299, ""gas_res"": 111014.7}, {""temp"": 21.30786, ""step"": 5, ""status"": 1, ""pres"": 966.3873, ""meas_profile"": ""HP-3"", ""meas_id"": 3, ""hum"": 35.13736, ""gas_res"": 39677.62}, {""temp"": 21.21431, ""step"": 5, ""status"": 1, ""pres"": 966.5579, ""meas_profile"": ""HP-2"", ""meas_id"": 2, ""hum"": 35.38319, ""gas_res"": 100000.0}, {""temp"": 20.9768, ""step"": 5, ""status"": 1, ""pres"": 966.6259, ""meas_profile"": ""HP-1"", ""meas_id"": 1, ""hum"": 33.77608, ""gas_res"": 84127.51}]}",NULL,"2025-10-27 11:10:59.769787"
12259,"04a600b9b0b8","2025-10-27 11:10:19","3BD6THmcxr5CtH17NyNC","{""bme688"": [{""temp"": 21.45916, ""step"": 4, ""status"": 1, ""pres"": 966.6251, ""meas_profile"": ""HP-8"", ""meas_id"": 8, ""hum"": 35.06822, ""gas_res"": 8279.431}, {""temp"": 21.4295, ""step"": 4, ""status"": 1, ""pres"": 966.7902, ""meas_profile"": ""HP-7"", ""meas_id"": 7, ""hum"": 34.94257, ""gas_res"": 10684.47}, {""temp"": 21.49871, ""step"": 4, ""status"": 1, ""pres"": 966.8983, ""meas_profile"": ""HP-6"", ""meas_id"": 6, ""hum"": 34.85598, ""gas_res"": 25995.13}, {""temp"": 21.40202, ""step"": 4, ""status"": 1, ""pres"": 966.6829, ""meas_profile"": ""HP-5"", ""meas_id"": 5, ""hum"": 35.06512, ""gas_res"": 98803.55}, {""temp"": 21.13852, ""step"": 4, ""status"": 1, ""pres"": 966.7668, ""meas_profile"": ""HP-4"", ""meas_id"": 4, ""hum"": 34.64017, ""gas_res"": 116231.6}, {""temp"": 21.30755, ""step"": 4, ""status"": 1, ""pres"": 966.3867, ""meas_profile"": ""HP-3"", ""meas_id"": 3, ""hum"": 35.13734, ""gas_res"": 39239.73}, {""temp"": 21.214, ""step"": 4, ""status"": 1, ""pres"": 966.5574, ""meas_profile"": ""HP-2"", ""meas_id"": 2, ""hum"": 35.37746, ""gas_res"": 100000.0}, {""temp"": 20.97586, ""step"": 4, ""status"": 1, ""pres"": 966.6264, ""meas_profile"": ""HP-1"", ""meas_id"": 1, ""hum"": 33.78769, ""gas_res"": 82024.99}]}",NULL,"2025-10-27 11:11:01.046095"
12260,"04a600b9b0b8","2025-10-27 11:10:19","3BD6THmcxr5CtH17NyNC","{""bme688"": [{""temp"": 21.45855, ""step"": 3, ""status"": 1, ""pres"": 966.6224, ""meas_profile"": ""HP-8"", ""meas_id"": 8, ""hum"": 35.0739, ""gas_res"": 8363.826}, {""temp"": 21.42857, ""step"": 3, ""status"": 1, ""pres"": 966.7888, ""meas_profile"": ""HP-7"", ""meas_id"": 7, ""hum"": 34.96516, ""gas_res"": 10547.13}, {""temp"": 21.4981, ""step"": 3, ""status"": 1, ""pres"": 966.8973, ""meas_profile"": ""HP-6"", ""meas_id"": 6, ""hum"": 34.87317, ""gas_res"": 25078.37}, {""temp"": 21.4014, ""step"": 3, ""status"": 1, ""pres"": 966.6818, ""meas_profile"": ""HP-5"", ""meas_id"": 5, ""hum"": 35.08212, ""gas_res"": 51926.98}, {""temp"": 21.13758, ""step"": 3, ""status"": 1, ""pres"": 966.767, ""meas_profile"": ""HP-4"", ""meas_id"": 4, ""hum"": 34.64009, ""gas_res"": 82982.17}, {""temp"": 21.30663, ""step"": 3, ""status"": 1, ""pres"": 966.3853, ""meas_profile"": ""HP-3"", ""meas_id"": 3, ""hum"": 35.14877, ""gas_res"": 45373.98}, {""temp"": 21.21307, ""step"": 3, ""status"": 1, ""pres"": 966.5574, ""meas_profile"": ""HP-2"", ""meas_id"": 2, ""hum"": 35.38876, ""gas_res"": 71869.73}, {""temp"": 20.97524, ""step"": 3, ""status"": 1, ""pres"": 966.6254, ""meas_profile"": ""HP-1"", ""meas_id"": 1, ""hum"": 33.80516, ""gas_res"": 57028.29}]}",NULL,"2025-10-27 11:11:02.313007"
12261,"04a600b9b0b8","2025-10-27 11:10:19","3BD6THmcxr5CtH17NyNC","{""bme688"": [{""temp"": 21.45762, ""step"": 2, ""status"": 1, ""pres"": 966.621, ""meas_profile"": ""HP-8"", ""meas_id"": 8, ""hum"": 35.07381, ""gas_res"": 21157.03}, {""temp"": 21.42795, ""step"": 2, ""status"": 1, ""pres"": 966.7877, ""meas_profile"": ""HP-7"", ""meas_id"": 7, ""hum"": 34.97077, ""gas_res"": 29892.57}, {""temp"": 21.49717, ""step"": 2, ""status"": 1, ""pres"": 966.8959, ""meas_profile"": ""HP-6"", ""meas_id"": 6, ""hum"": 34.87884, ""gas_res"": 109730.0}, {""temp"": 21.40077, ""step"": 2, ""status"": 1, ""pres"": 966.6808, ""meas_profile"": ""HP-5"", ""meas_id"": 5, ""hum"": 35.07069, ""gas_res"": 342246.0}, {""temp"": 21.13665, ""step"": 2, ""status"": 1, ""pres"": 966.7654, ""meas_profile"": ""HP-4"", ""meas_id"": 4, ""hum"": 34.63999, ""gas_res"": 496725.7}, {""temp"": 21.3057, ""step"": 2, ""status"": 1, ""pres"": 966.3837, ""meas_profile"": ""HP-3"", ""meas_id"": 3, ""hum"": 35.17748, ""gas_res"": 233257.4}, {""temp"": 21.21214, ""step"": 2, ""status"": 1, ""pres"": 966.556, ""meas_profile"": ""HP-2"", ""meas_id"": 2, ""hum"": 35.40007, ""gas_res"": 388467.4}, {""temp"": 20.97431, ""step"": 2, ""status"": 1, ""pres"": 966.6257, ""meas_profile"": ""HP-1"", ""meas_id"": 1, ""hum"": 33.81091, ""gas_res"": 309085.4}]}",NULL,"2025-10-27 11:11:03.703216"
12262,"04a600b9b0b8","2025-10-27 11:10:19","3BD6THmcxr5CtH17NyNC","{""bme688"": [{""temp"": 21.457, ""step"": 1, ""status"": 1, ""pres"": 966.6219, ""meas_profile"": ""HP-8"", ""meas_id"": 8, ""hum"": 35.07948, ""gas_res"": 7119.021}, {""temp"": 21.42733, ""step"": 1, ""status"": 1, ""pres"": 966.7867, ""meas_profile"": ""HP-7"", ""meas_id"": 7, ""hum"": 34.96505, ""gas_res"": 7034.513}, {""temp"": 21.49686, ""step"": 1, ""status"": 1, ""pres"": 966.8954, ""meas_profile"": ""HP-6"", ""meas_id"": 6, ""hum"": 34.87305, ""gas_res"": 22567.0}, {""temp"": 21.40014, ""step"": 1, ""status"": 1, ""pres"": 966.6799, ""meas_profile"": ""HP-5"", ""meas_id"": 5, ""hum"": 35.07632, ""gas_res"": 28725.31}, {""temp"": 21.13603, ""step"": 1, ""status"": 1, ""pres"": 966.7661, ""meas_profile"": ""HP-4"", ""meas_id"": 4, ""hum"": 34.63994, ""gas_res"": 31904.29}, {""temp"": 21.30508, ""step"": 1, ""status"": 1, ""pres"": 966.3826, ""meas_profile"": ""HP-3"", ""meas_id"": 3, ""hum"": 35.1659, ""gas_res"": 25000.0}, {""temp"": 21.21152, ""step"": 1, ""status"": 1, ""pres"": 966.5566, ""meas_profile"": ""HP-2"", ""meas_id"": 2, ""hum"": 35.4057, ""gas_res"": 26429.9}, {""temp"": 20.97368, ""step"": 1, ""status"": 1, ""pres"": 966.6248, ""meas_profile"": ""HP-1"", ""meas_id"": 1, ""hum"": 33.8167, ""gas_res"": 25000.0}]}",NULL,"2025-10-27 11:11:04.877702"
12263,"04a600b9b0b8","2025-10-27 11:10:19","3BD6THmcxr5CtH17NyNC","{""bme688"": [{""temp"": 21.45607, ""step"": 0, ""status"": 1, ""pres"": 966.6204, ""meas_profile"": ""HP-8"", ""meas_id"": 8, ""hum"": 35.0794, ""gas_res"": 5684.846}, {""temp"": 21.4264, ""step"": 0, ""status"": 1, ""pres"": 966.785, ""meas_profile"": ""HP-7"", ""meas_id"": 7, ""hum"": 34.97063, ""gas_res"": 5684.846}, {""temp"": 21.49594, ""step"": 0, ""status"": 1, ""pres"": 966.8938, ""meas_profile"": ""HP-6"", ""meas_id"": 6, ""hum"": 34.86722, ""gas_res"": 6097.561}, {""temp"": 21.39983, ""step"": 0, ""status"": 1, ""pres"": 966.6793, ""meas_profile"": ""HP-5"", ""meas_id"": 5, ""hum"": 35.0706, ""gas_res"": 21985.57}, {""temp"": 21.13572, ""step"": 0, ""status"": 1, ""pres"": 966.7656, ""meas_profile"": ""HP-4"", ""meas_id"": 4, ""hum"": 34.64566, ""gas_res"": 18856.81}, {""temp"": 21.30446, ""step"": 0, ""status"": 1, ""pres"": 966.3817, ""meas_profile"": ""HP-3"", ""meas_id"": 3, ""hum"": 35.16009, ""gas_res"": 6719.866}, {""temp"": 21.2109, ""step"": 0, ""status"": 1, ""pres"": 966.5556, ""meas_profile"": ""HP-2"", ""meas_id"": 2, ""hum"": 35.41134, ""gas_res"": 6038.875}, {""temp"": 20.97306, ""step"": 0, ""status"": 1, ""pres"": 966.624, ""meas_profile"": ""HP-1"", ""meas_id"": 1, ""hum"": 33.80495, ""gas_res"": 7452.259}]}",NULL,"2025-10-27 11:11:06.158746"
12264,"04a600b9b0b8","2025-10-27 11:09:18","3BD6THmcxr5CtH17NyNC","{""zphs01b"": {""voc"": 0, ""temp"": 19.3, ""pm2_5"": 0, ""pm1_0"": 0, ""pm10"": 350, ""o3"": 0.41, ""no2"": 10.0, ""hum"": 0, ""fmhd"": 0, ""co2"": 5000, ""co"": 0.0}, ""smell_b"": {}, ""sfa30"": {""temp"": 21.445, ""hum"": 35.8, ""fmhd"": 2.6}, ""sen5x"": {""voc"": 122.0, ""temp"": 21.67, ""pm4_0"": 4540.1, ""pm2_5"": 4540.1, ""pm1_0"": 4329.2, ""pm10"": 4540.1, ""nox"": 1.0, ""mass_c"": 4487.375, ""hum"": 40.47}, ""scd41"": {""temp"": 21.00252, ""hum"": 38.01785, ""co2"": 639}, ""power_source"": 0, ""mics6814"": {""red_res"": 0, ""no2_res"": 0, ""no2"": 0.17, ""nh3_res"": 0, ""nh3"": 0.73, ""co_res"": 0, ""co"": 44.0}}",NULL,"2025-10-27 11:11:07.335103"
12265,"04a600b9b0b8","2025-10-27 11:09:18","3BD6THmcxr5CtH17NyNC","{""bme688"": [{""temp"": 21.45515, ""step"": 9, ""status"": 1, ""pres"": 966.619, ""meas_profile"": ""HP-8"", ""meas_id"": 8, ""hum"": 35.12521, ""gas_res"": 5684.846}, {""temp"": 21.42546, ""step"": 9, ""status"": 1, ""pres"": 966.7836, ""meas_profile"": ""HP-7"", ""meas_id"": 7, ""hum"": 34.99323, ""gas_res"": 5684.846}, {""temp"": 21.49532, ""step"": 9, ""status"": 1, ""pres"": 966.8929, ""meas_profile"": ""HP-6"", ""meas_id"": 6, ""hum"": 34.92468, ""gas_res"": 7195.862}, {""temp"": 21.39952, ""step"": 9, ""status"": 1, ""pres"": 966.6788, ""meas_profile"": ""HP-5"", ""meas_id"": 5, ""hum"": 35.11606, ""gas_res"": 21136.06}, {""temp"": 21.1351, ""step"": 9, ""status"": 1, ""pres"": 966.7664, ""meas_profile"": ""HP-4"", ""meas_id"": 4, ""hum"": 34.69742, ""gas_res"": 19583.84}, {""temp"": 21.30353, ""step"": 9, ""status"": 1, ""pres"": 966.3801, ""meas_profile"": ""HP-3"", ""meas_id"": 3, ""hum"": 35.22337, ""gas_res"": 7431.491}, {""temp"": 21.20996, ""step"": 9, ""status"": 1, ""pres"": 966.554, ""meas_profile"": ""HP-2"", ""meas_id"": 2, ""hum"": 35.47963, ""gas_res"": 6168.08}, {""temp"": 20.97213, ""step"": 9, ""status"": 1, ""pres"": 966.6242, ""meas_profile"": ""HP-1"", ""meas_id"": 1, ""hum"": 33.86916, ""gas_res"": 7633.588}]}",NULL,"2025-10-27 11:11:08.817958"
12266,"04a600b9b0b8","2025-10-27 11:09:18","3BD6THmcxr5CtH17NyNC","{""bme688"": [{""temp"": 21.45422, ""step"": 8, ""status"": 1, ""pres"": 966.6176, ""meas_profile"": ""HP-8"", ""meas_id"": 8, ""hum"": 35.11938, ""gas_res"": 5684.846}, {""temp"": 21.42453, ""step"": 8, ""status"": 1, ""pres"": 966.782, ""meas_profile"": ""HP-7"", ""meas_id"": 7, ""hum"": 35.0215, ""gas_res"": 5684.846}, {""temp"": 21.4947, ""step"": 8, ""status"": 1, ""pres"": 966.892, ""meas_profile"": ""HP-6"", ""meas_id"": 6, ""hum"": 34.92463, ""gas_res"": 7473.144}, {""temp"": 21.39921, ""step"": 8, ""status"": 1, ""pres"": 966.68, ""meas_profile"": ""HP-5"", ""meas_id"": 5, ""hum"": 35.12741, ""gas_res"": 19601.84}, {""temp"": 21.13417, ""step"": 8, ""status"": 1, ""pres"": 966.7647, ""meas_profile"": ""HP-4"", ""meas_id"": 4, ""hum"": 34.7146, ""gas_res"": 18058.69}, {""temp"": 21.30292, ""step"": 8, ""status"": 1, ""pres"": 966.3791, ""meas_profile"": ""HP-3"", ""meas_id"": 3, ""hum"": 35.2406, ""gas_res"": 6522.625}, {""temp"": 21.20934, ""step"": 8, ""status"": 1, ""pres"": 966.5531, ""meas_profile"": ""HP-2"", ""meas_id"": 2, ""hum"": 35.47387, ""gas_res"": 6125.574}, {""temp"": 20.97151, ""step"": 8, ""status"": 1, ""pres"": 966.6232, ""meas_profile"": ""HP-1"", ""meas_id"": 1, ""hum"": 33.8808, ""gas_res"": 7249.66}]}",NULL,"2025-10-27 11:11:10.00964"
12267,"04a600b9b0b8","2025-10-27 11:09:18","3BD6THmcxr5CtH17NyNC","{""bme688"": [{""temp"": 21.4533, ""step"": 7, ""status"": 1, ""pres"": 966.616, ""meas_profile"": ""HP-8"", ""meas_id"": 8, ""hum"": 35.13077, ""gas_res"": 5684.846}, {""temp"": 21.4236, ""step"": 7, ""status"": 1, ""pres"": 966.7805, ""meas_profile"": ""HP-7"", ""meas_id"": 7, ""hum"": 35.01006, ""gas_res"": 5684.846}, {""temp"": 21.49408, ""step"": 7, ""status"": 1, ""pres"": 966.8926, ""meas_profile"": ""HP-6"", ""meas_id"": 6, ""hum"": 34.92456, ""gas_res"": 7483.629}, {""temp"": 21.39827, ""step"": 7, ""status"": 1, ""pres"": 966.6783, ""meas_profile"": ""HP-5"", ""meas_id"": 5, ""hum"": 35.14438, ""gas_res"": 19144.48}, {""temp"": 21.13386, ""step"": 7, ""status"": 1, ""pres"": 966.7658, ""meas_profile"": ""HP-4"", ""meas_id"": 4, ""hum"": 34.71458, ""gas_res"": 10770.78}, {""temp"": 21.3023, ""step"": 7, ""status"": 1, ""pres"": 966.3781, ""meas_profile"": ""HP-3"", ""meas_id"": 3, ""hum"": 35.23478, ""gas_res"": 5901.881}, {""temp"": 21.20841, ""step"": 7, ""status"": 1, ""pres"": 966.5515, ""meas_profile"": ""HP-2"", ""meas_id"": 2, ""hum"": 35.48518, ""gas_res"": 7829.704}, {""temp"": 20.97088, ""step"": 7, ""status"": 1, ""pres"": 966.6223, ""meas_profile"": ""HP-1"", ""meas_id"": 1, ""hum"": 33.85736, ""gas_res"": 6632.125}]}",NULL,"2025-10-27 11:11:11.285717"
12268,"04a600b9b0b8","2025-10-27 11:09:18","3BD6THmcxr5CtH17NyNC","{""bme688"": [{""temp"": 21.45268, ""step"": 6, ""status"": 1, ""pres"": 966.615, ""meas_profile"": ""HP-8"", ""meas_id"": 8, ""hum"": 35.13072, ""gas_res"": 8834.897}, {""temp"": 21.42329, ""step"": 6, ""status"": 1, ""pres"": 966.7801, ""meas_profile"": ""HP-7"", ""meas_id"": 7, ""hum"": 35.02705, ""gas_res"": 11590.0}, {""temp"": 21.49316, ""step"": 6, ""status"": 1, ""pres"": 966.8911, ""meas_profile"": ""HP-6"", ""meas_id"": 6, ""hum"": 34.95325, ""gas_res"": 24801.39}, {""temp"": 21.39796, ""step"": 6, ""status"": 1, ""pres"": 966.6779, ""meas_profile"": ""HP-5"", ""meas_id"": 5, ""hum"": 35.13298, ""gas_res"": 100000.0}, {""temp"": 21.13354, ""step"": 6, ""status"": 1, ""pres"": 966.7654, ""meas_profile"": ""HP-4"", ""meas_id"": 4, ""hum"": 34.72607, ""gas_res"": 100000.0}, {""temp"": 21.30168, ""step"": 6, ""status"": 1, ""pres"": 966.3771, ""meas_profile"": ""HP-3"", ""meas_id"": 3, ""hum"": 35.23473, ""gas_res"": 33220.87}, {""temp"": 21.20779, ""step"": 6, ""status"": 1, ""pres"": 966.5522, ""meas_profile"": ""HP-2"", ""meas_id"": 2, ""hum"": 35.47372, ""gas_res"": 83714.84}, {""temp"": 20.97026, ""step"": 6, ""status"": 1, ""pres"": 966.6234, ""meas_profile"": ""HP-1"", ""meas_id"": 1, ""hum"": 33.88654, ""gas_res"": 40816.33}]}",NULL,"2025-10-27 11:11:12.561027"
12269,"04a600b9b0b8","2025-10-27 11:09:18","3BD6THmcxr5CtH17NyNC","{""bme688"": [{""temp"": 21.45206, ""step"": 5, ""status"": 1, ""pres"": 966.6141, ""meas_profile"": ""HP-8"", ""meas_id"": 8, ""hum"": 35.13639, ""gas_res"": 8849.558}, {""temp"": 21.42298, ""step"": 5, ""status"": 1, ""pres"": 966.7794, ""meas_profile"": ""HP-7"", ""meas_id"": 7, ""hum"": 35.01001, ""gas_res"": 14106.24}, {""temp"": 21.49254, ""step"": 5, ""status"": 1, ""pres"": 966.8901, ""meas_profile"": ""HP-6"", ""meas_id"": 6, ""hum"": 34.9647, ""gas_res"": 25107.88}, {""temp"": 21.39764, ""step"": 5, ""status"": 1, ""pres"": 966.6774, ""meas_profile"": ""HP-5"", ""meas_id"": 5, ""hum"": 35.15001, ""gas_res"": 100000.0}, {""temp"": 21.13324, ""step"": 5, ""status"": 1, ""pres"": 966.7665, ""meas_profile"": ""HP-4"", ""meas_id"": 4, ""hum"": 34.71452, ""gas_res"": 100000.0}, {""temp"": 21.30137, ""step"": 5, ""status"": 1, ""pres"": 966.3767, ""meas_profile"": ""HP-3"", ""meas_id"": 3, ""hum"": 35.24046, ""gas_res"": 31856.64}, {""temp"": 21.20748, ""step"": 5, ""status"": 1, ""pres"": 966.5517, ""meas_profile"": ""HP-2"", ""meas_id"": 2, ""hum"": 35.47939, ""gas_res"": 46562.39}, {""temp"": 20.96995, ""step"": 5, ""status"": 1, ""pres"": 966.6226, ""meas_profile"": ""HP-1"", ""meas_id"": 1, ""hum"": 33.88651, ""gas_res"": 38776.13}]}",NULL,"2025-10-27 11:11:13.933535"
12270,"04a600b9b0b8","2025-10-27 11:09:18","3BD6THmcxr5CtH17NyNC","{""bme688"": [{""temp"": 21.45144, ""step"": 4, ""status"": 1, ""pres"": 966.6132, ""meas_profile"": ""HP-8"", ""meas_id"": 8, ""hum"": 35.13634, ""gas_res"": 8953.554}, {""temp"": 21.42236, ""step"": 4, ""status"": 1, ""pres"": 966.7784, ""meas_profile"": ""HP-7"", ""meas_id"": 7, ""hum"": 35.02696, ""gas_res"": 14372.33}, {""temp"": 21.49192, ""step"": 4, ""status"": 1, ""pres"": 966.8893, ""meas_profile"": ""HP-6"", ""meas_id"": 6, ""hum"": 34.95313, ""gas_res"": 25713.14}, {""temp"": 21.39764, ""step"": 4, ""status"": 1, ""pres"": 966.6774, ""meas_profile"": ""HP-5"", ""meas_id"": 5, ""hum"": 35.15001, ""gas_res"": 100000.0}, {""temp"": 21.1323, ""step"": 4, ""status"": 1, ""pres"": 966.765, ""meas_profile"": ""HP-4"", ""meas_id"": 4, ""hum"": 34.73171, ""gas_res"": 94221.57}, {""temp"": 21.30075, ""step"": 4, ""status"": 1, ""pres"": 966.3756, ""meas_profile"": ""HP-3"", ""meas_id"": 3, ""hum"": 35.24617, ""gas_res"": 30534.35}, {""temp"": 21.20686, ""step"": 4, ""status"": 1, ""pres"": 966.5507, ""meas_profile"": ""HP-2"", ""meas_id"": 2, ""hum"": 35.47933, ""gas_res"": 45470.69}, {""temp"": 20.96964, ""step"": 4, ""status"": 1, ""pres"": 966.624, ""meas_profile"": ""HP-1"", ""meas_id"": 1, ""hum"": 33.89817, ""gas_res"": 36930.18}]}",NULL,"2025-10-27 11:11:15.127457"
12271,"04a600b9b0b8","2025-10-27 11:09:18","3BD6THmcxr5CtH17NyNC","{""bme688"": [{""temp"": 21.45082, ""step"": 3, ""status"": 1, ""pres"": 966.6121, ""meas_profile"": ""HP-8"", ""meas_id"": 8, ""hum"": 35.1535, ""gas_res"": 15366.15}, {""temp"": 21.42174, ""step"": 3, ""status"": 1, ""pres"": 966.7774, ""meas_profile"": ""HP-7"", ""meas_id"": 7, ""hum"": 35.04393, ""gas_res"": 21390.38}, {""temp"": 21.4913, ""step"": 3, ""status"": 1, ""pres"": 966.8898, ""meas_profile"": ""HP-6"", ""meas_id"": 6, ""hum"": 34.95882, ""gas_res"": 53123.05}, {""temp"": 21.39671, ""step"": 3, ""status"": 1, ""pres"": 966.6758, ""meas_profile"": ""HP-5"", ""meas_id"": 5, ""hum"": 35.1613, ""gas_res"": 122840.7}, {""temp"": 21.13168, ""step"": 3, ""status"": 1, ""pres"": 966.7656, ""meas_profile"": ""HP-4"", ""meas_id"": 4, ""hum"": 34.74317, ""gas_res"": 173913.0}, {""temp"": 21.30013, ""step"": 3, ""status"": 1, ""pres"": 966.3746, ""meas_profile"": ""HP-3"", ""meas_id"": 3, ""hum"": 35.29222, ""gas_res"": 80935.82}, {""temp"": 21.20624, ""step"": 3, ""status"": 1, ""pres"": 966.5514, ""meas_profile"": ""HP-2"", ""meas_id"": 2, ""hum"": 35.49637, ""gas_res"": 137045.0}, {""temp"": 20.96871, ""step"": 3, ""status"": 1, ""pres"": 966.6225, ""meas_profile"": ""HP-1"", ""meas_id"": 1, ""hum"": 33.89808, ""gas_res"": 106246.1}]}",NULL,"2025-10-27 11:11:16.402227"
12272,"04a600b9b0b8","2025-10-27 11:09:18","3BD6THmcxr5CtH17NyNC","{""bme688"": [{""temp"": 21.45021, ""step"": 2, ""status"": 1, ""pres"": 966.6093, ""meas_profile"": ""HP-8"", ""meas_id"": 8, ""hum"": 35.15918, ""gas_res"": 25078.37}, {""temp"": 21.42112, ""step"": 2, ""status"": 1, ""pres"": 966.7763, ""meas_profile"": ""HP-7"", ""meas_id"": 7, ""hum"": 35.02684, ""gas_res"": 37982.2}, {""temp"": 21.49069, ""step"": 2, ""status"": 1, ""pres"": 966.8889, ""meas_profile"": ""HP-6"", ""meas_id"": 6, ""hum"": 34.96452, ""gas_res"": 120329.0}, {""temp"": 21.39639, ""step"": 2, ""status"": 1, ""pres"": 966.6753, ""meas_profile"": ""HP-5"", ""meas_id"": 5, ""hum"": 35.16127, ""gas_res"": 340538.8}, {""temp"": 21.13106, ""step"": 2, ""status"": 1, ""pres"": 966.7645, ""meas_profile"": ""HP-4"", ""meas_id"": 4, ""hum"": 34.73735, ""gas_res"": 419500.2}, {""temp"": 21.29951, ""step"": 2, ""status"": 1, ""pres"": 966.3736, ""meas_profile"": ""HP-3"", ""meas_id"": 3, ""hum"": 35.26334, ""gas_res"": 176978.9}, {""temp"": 21.20531, ""step"": 2, ""status"": 1, ""pres"": 966.5499, ""meas_profile"": ""HP-2"", ""meas_id"": 2, ""hum"": 35.48488, ""gas_res"": 313629.4}, {""temp"": 20.96808, ""step"": 2, ""status"": 1, ""pres"": 966.6216, ""meas_profile"": ""HP-1"", ""meas_id"": 1, ""hum"": 33.88634, ""gas_res"": 233896.8}]}",NULL,"2025-10-27 11:11:17.686755"
12273,"04a600b9b0b8","2025-10-27 11:09:18","3BD6THmcxr5CtH17NyNC","{""bme688"": [{""temp"": 21.44959, ""step"": 1, ""status"": 1, ""pres"": 966.6083, ""meas_profile"": ""HP-8"", ""meas_id"": 8, ""hum"": 35.15339, ""gas_res"": 6467.259}, {""temp"": 21.42081, ""step"": 1, ""status"": 1, ""pres"": 966.7758, ""meas_profile"": ""HP-7"", ""meas_id"": 7, ""hum"": 35.04951, ""gas_res"": 8171.604}, {""temp"": 21.49007, ""step"": 1, ""status"": 1, ""pres"": 966.8879, ""meas_profile"": ""HP-6"", ""meas_id"": 6, ""hum"": 34.95871, ""gas_res"": 23357.66}, {""temp"": 21.39608, ""step"": 1, ""status"": 1, ""pres"": 966.6763, ""meas_profile"": ""HP-5"", ""meas_id"": 5, ""hum"": 35.14986, ""gas_res"": 26998.52}, {""temp"": 21.13044, ""step"": 1, ""status"": 1, ""pres"": 966.7636, ""meas_profile"": ""HP-4"", ""meas_id"": 4, ""hum"": 34.73729, ""gas_res"": 27450.14}, {""temp"": 21.2992, ""step"": 1, ""status"": 1, ""pres"": 966.3732, ""meas_profile"": ""HP-3"", ""meas_id"": 3, ""hum"": 35.26908, ""gas_res"": 25000.0}, {""temp"": 21.205, ""step"": 1, ""status"": 1, ""pres"": 966.5493, ""meas_profile"": ""HP-2"", ""meas_id"": 2, ""hum"": 35.51905, ""gas_res"": 25000.0}, {""temp"": 20.96777, ""step"": 1, ""status"": 1, ""pres"": 966.623, ""meas_profile"": ""HP-1"", ""meas_id"": 1, ""hum"": 33.90385, ""gas_res"": 25000.0}]}",NULL,"2025-10-27 11:11:19.065539"
12274,"04a600b9b0b8","2025-10-27 11:09:18","3BD6THmcxr5CtH17NyNC","{""bme688"": [{""temp"": 21.44866, ""step"": 0, ""status"": 1, ""pres"": 966.6069, ""meas_profile"": ""HP-8"", ""meas_id"": 8, ""hum"": 35.15903, ""gas_res"": 5684.846}, {""temp"": 21.41988, ""step"": 0, ""status"": 1, ""pres"": 966.7742, ""meas_profile"": ""HP-7"", ""meas_id"": 7, ""hum"": 35.04375, ""gas_res"": 5684.846}, {""temp"": 21.48945, ""step"": 0, ""status"": 1, ""pres"": 966.887, ""meas_profile"": ""HP-6"", ""meas_id"": 6, ""hum"": 34.95865, ""gas_res"": 6471.183}, {""temp"": 21.39577, ""step"": 0, ""status"": 1, ""pres"": 966.6758, ""meas_profile"": ""HP-5"", ""meas_id"": 5, ""hum"": 35.1669, ""gas_res"": 21283.67}, {""temp"": 21.13013, ""step"": 0, ""status"": 1, ""pres"": 966.7647, ""meas_profile"": ""HP-4"", ""meas_id"": 4, ""hum"": 34.73151, ""gas_res"": 10970.17}, {""temp"": 21.29828, ""step"": 0, ""status"": 1, ""pres"": 966.3716, ""meas_profile"": ""HP-3"", ""meas_id"": 3, ""hum"": 35.27475, ""gas_res"": 7390.3}, {""temp"": 21.20437, ""step"": 0, ""status"": 1, ""pres"": 966.55, ""meas_profile"": ""HP-2"", ""meas_id"": 2, ""hum"": 35.4962, ""gas_res"": 7309.273}, {""temp"": 20.96715, ""step"": 0, ""status"": 1, ""pres"": 966.6219, ""meas_profile"": ""HP-1"", ""meas_id"": 1, ""hum"": 33.89794, ""gas_res"": 6189.555}]}",NULL,"2025-10-27 11:11:20.249138"
12275,"04a600b9b0b8","2025-10-27 11:11:50","3BD6THmcxr5CtH17NyNC","{""zphs01b"": {""voc"": 0, ""temp"": 19.5, ""pm2_5"": 0, ""pm1_0"": 0, ""pm10"": 341, ""o3"": 0.02, ""no2"": 10.0, ""hum"": 0, ""fmhd"": 0, ""co2"": 5000, ""co"": 0.0}, ""smell_b"": {}, ""sfa30"": {""temp"": 21.535, ""hum"": 35.63, ""fmhd"": 2.2}, ""sen5x"": {""voc"": 132.0, ""temp"": 21.505, ""pm4_0"": 4545.1, ""pm2_5"": 4545.1, ""pm1_0"": 4334.0, ""pm10"": 4545.1, ""nox"": 1.0, ""mass_c"": 4492.325, ""hum"": 40.94}, ""scd41"": {""temp"": 21.25887, ""hum"": 37.7676, ""co2"": 664}, ""power_source"": 0, ""mics6814"": {""red_res"": 0, ""no2_res"": 0, ""no2"": 0.17, ""nh3_res"": 0, ""nh3"": 0.73, ""co_res"": 0, ""co"": 44.0}}",NULL,"2025-10-27 11:12:24.412613"
12276,"04a600b9b0b8","2025-10-27 11:11:50","3BD6THmcxr5CtH17NyNC","{""bme688"": [{""temp"": 21.48542, ""step"": 9, ""status"": 1, ""pres"": 966.6592, ""meas_profile"": ""HP-8"", ""meas_id"": 8, ""hum"": 34.8987, ""gas_res"": 5684.846}, {""temp"": 21.45341, ""step"": 9, ""status"": 1, ""pres"": 966.8147, ""meas_profile"": ""HP-7"", ""meas_id"": 7, ""hum"": 34.77482, ""gas_res"": 5684.846}, {""temp"": 21.5231, ""step"": 9, ""status"": 1, ""pres"": 966.9202, ""meas_profile"": ""HP-6"", ""meas_id"": 6, ""hum"": 34.70307, ""gas_res"": 7818.226}, {""temp"": 21.42172, ""step"": 9, ""status"": 1, ""pres"": 966.6982, ""meas_profile"": ""HP-5"", ""meas_id"": 5, ""hum"": 34.90788, ""gas_res"": 25000.0}, {""temp"": 21.16119, ""step"": 9, ""status"": 1, ""pres"": 966.7756, ""meas_profile"": ""HP-4"", ""meas_id"": 4, ""hum"": 34.47544, ""gas_res"": 25000.0}, {""temp"": 21.33075, ""step"": 9, ""status"": 1, ""pres"": 966.4075, ""meas_profile"": ""HP-3"", ""meas_id"": 3, ""hum"": 34.99559, ""gas_res"": 6677.796}, {""temp"": 21.23574, ""step"": 9, ""status"": 1, ""pres"": 966.5728, ""meas_profile"": ""HP-2"", ""meas_id"": 2, ""hum"": 35.23719, ""gas_res"": 8060.454}, {""temp"": 20.9992, ""step"": 9, ""status"": 1, ""pres"": 966.6331, ""meas_profile"": ""HP-1"", ""meas_id"": 1, ""hum"": 33.63797, ""gas_res"": 6534.613}]}",NULL,"2025-10-27 11:12:25.61014"
12277,"04a600b9b0b8","2025-10-27 11:11:50","3BD6THmcxr5CtH17NyNC","{""bme688"": [{""temp"": 21.48418, ""step"": 8, ""status"": 1, ""pres"": 966.6572, ""meas_profile"": ""HP-8"", ""meas_id"": 8, ""hum"": 34.89859, ""gas_res"": 5684.846}, {""temp"": 21.45217, ""step"": 8, ""status"": 1, ""pres"": 966.8127, ""meas_profile"": ""HP-7"", ""meas_id"": 7, ""hum"": 34.79169, ""gas_res"": 5684.846}, {""temp"": 21.52186, ""step"": 8, ""status"": 1, ""pres"": 966.9199, ""meas_profile"": ""HP-6"", ""meas_id"": 6, ""hum"": 34.71444, ""gas_res"": 5944.641}, {""temp"": 21.4211, ""step"": 8, ""status"": 1, ""pres"": 966.6973, ""meas_profile"": ""HP-5"", ""meas_id"": 5, ""hum"": 34.90781, ""gas_res"": 25000.0}, {""temp"": 21.16057, ""step"": 8, ""status"": 1, ""pres"": 966.7763, ""meas_profile"": ""HP-4"", ""meas_id"": 4, ""hum"": 34.48689, ""gas_res"": 25000.0}, {""temp"": 21.32951, ""step"": 8, ""status"": 1, ""pres"": 966.4073, ""meas_profile"": ""HP-3"", ""meas_id"": 3, ""hum"": 35.01274, ""gas_res"": 6125.574}, {""temp"": 21.23481, ""step"": 8, ""status"": 1, ""pres"": 966.5712, ""meas_profile"": ""HP-2"", ""meas_id"": 2, ""hum"": 35.23711, ""gas_res"": 7976.072}, {""temp"": 20.99827, ""step"": 8, ""status"": 1, ""pres"": 966.6334, ""meas_profile"": ""HP-1"", ""meas_id"": 1, ""hum"": 33.65539, ""gas_res"": 6603.384}]}",NULL,"2025-10-27 11:12:26.792765"
12278,"04a600b9b0b8","2025-10-27 11:11:50","3BD6THmcxr5CtH17NyNC","{""bme688"": [{""temp"": 21.48294, ""step"": 7, ""status"": 1, ""pres"": 966.6553, ""meas_profile"": ""HP-8"", ""meas_id"": 8, ""hum"": 34.9042, ""gas_res"": 5684.846}, {""temp"": 21.45062, ""step"": 7, ""status"": 1, ""pres"": 966.8119, ""meas_profile"": ""HP-7"", ""meas_id"": 7, ""hum"": 34.78588, ""gas_res"": 5684.846}, {""temp"": 21.52094, ""step"": 7, ""status"": 1, ""pres"": 966.9183, ""meas_profile"": ""HP-6"", ""meas_id"": 6, ""hum"": 34.69712, ""gas_res"": 6052.582}, {""temp"": 21.42047, ""step"": 7, ""status"": 1, ""pres"": 966.698, ""meas_profile"": ""HP-5"", ""meas_id"": 5, ""hum"": 34.90208, ""gas_res"": 25000.0}, {""temp"": 21.15964, ""step"": 7, ""status"": 1, ""pres"": 966.7765, ""meas_profile"": ""HP-4"", ""meas_id"": 4, ""hum"": 34.46955, ""gas_res"": 22354.17}, {""temp"": 21.32858, ""step"": 7, ""status"": 1, ""pres"": 966.4057, ""meas_profile"": ""HP-3"", ""meas_id"": 3, ""hum"": 35.00114, ""gas_res"": 5957.922}, {""temp"": 21.23419, ""step"": 7, ""status"": 1, ""pres"": 966.5719, ""meas_profile"": ""HP-2"", ""meas_id"": 2, ""hum"": 35.22567, ""gas_res"": 7789.679}, {""temp"": 20.99702, ""step"": 7, ""status"": 1, ""pres"": 966.6317, ""meas_profile"": ""HP-1"", ""meas_id"": 1, ""hum"": 33.66111, ""gas_res"": 6428.285}]}",NULL,"2025-10-27 11:12:28.093704"
12279,"04a600b9b0b8","2025-10-27 11:11:50","3BD6THmcxr5CtH17NyNC","{""bme688"": [{""temp"": 21.48202, ""step"": 6, ""status"": 1, ""pres"": 966.6539, ""meas_profile"": ""HP-8"", ""meas_id"": 8, ""hum"": 34.88692, ""gas_res"": 7905.138}, {""temp"": 21.45, ""step"": 6, ""status"": 1, ""pres"": 966.8108, ""meas_profile"": ""HP-7"", ""meas_id"": 7, ""hum"": 34.78016, ""gas_res"": 10262.99}, {""temp"": 21.5197, ""step"": 6, ""status"": 1, ""pres"": 966.9164, ""meas_profile"": ""HP-6"", ""meas_id"": 6, ""hum"": 34.7085, ""gas_res"": 26845.64}, {""temp"": 21.41922, ""step"": 6, ""status"": 1, ""pres"": 966.6974, ""meas_profile"": ""HP-5"", ""meas_id"": 5, ""hum"": 34.90196, ""gas_res"": 107857.6}, {""temp"": 21.15839, ""step"": 6, ""status"": 1, ""pres"": 966.7762, ""meas_profile"": ""HP-4"", ""meas_id"": 4, ""hum"": 34.47519, ""gas_res"": 132163.1}, {""temp"": 21.32734, ""step"": 6, ""status"": 1, ""pres"": 966.4055, ""meas_profile"": ""HP-3"", ""meas_id"": 3, ""hum"": 34.99527, ""gas_res"": 81244.05}, {""temp"": 21.23294, ""step"": 6, ""status"": 1, ""pres"": 966.5698, ""meas_profile"": ""HP-2"", ""meas_id"": 2, ""hum"": 35.25401, ""gas_res"": 103854.0}, {""temp"": 20.9964, ""step"": 6, ""status"": 1, ""pres"": 966.6324, ""meas_profile"": ""HP-1"", ""meas_id"": 1, ""hum"": 33.67857, ""gas_res"": 100000.0}]}",NULL,"2025-10-27 11:12:29.371069"
12280,"04a600b9b0b8","2025-10-27 11:11:50","3BD6THmcxr5CtH17NyNC","{""bme688"": [{""temp"": 21.48109, ""step"": 5, ""status"": 1, ""pres"": 966.6524, ""meas_profile"": ""HP-8"", ""meas_id"": 8, ""hum"": 34.88111, ""gas_res"": 7928.642}, {""temp"": 21.44906, ""step"": 5, ""status"": 1, ""pres"": 966.8109, ""meas_profile"": ""HP-7"", ""meas_id"": 7, ""hum"": 34.78574, ""gas_res"": 10155.51}, {""temp"": 21.51878, ""step"": 5, ""status"": 1, ""pres"": 966.9167, ""meas_profile"": ""HP-6"", ""meas_id"": 6, ""hum"": 34.69118, ""gas_res"": 26677.78}, {""temp"": 21.41828, ""step"": 5, ""status"": 1, ""pres"": 966.6961, ""meas_profile"": ""HP-5"", ""meas_id"": 5, ""hum"": 34.90188, ""gas_res"": 108474.6}, {""temp"": 21.15777, ""step"": 5, ""status"": 1, ""pres"": 966.775, ""meas_profile"": ""HP-4"", ""meas_id"": 4, ""hum"": 34.47513, ""gas_res"": 134136.8}, {""temp"": 21.32642, ""step"": 5, ""status"": 1, ""pres"": 966.4039, ""meas_profile"": ""HP-3"", ""meas_id"": 3, ""hum"": 34.97217, ""gas_res"": 80782.58}, {""temp"": 21.2317, ""step"": 5, ""status"": 1, ""pres"": 966.5696, ""meas_profile"": ""HP-2"", ""meas_id"": 2, ""hum"": 35.23682, ""gas_res"": 102114.1}, {""temp"": 20.99547, ""step"": 5, ""status"": 1, ""pres"": 966.631, ""meas_profile"": ""HP-1"", ""meas_id"": 1, ""hum"": 33.67849, ""gas_res"": 100000.0}]}",NULL,"2025-10-27 11:12:30.729164"
12281,"04a600b9b0b8","2025-10-27 11:11:50","3BD6THmcxr5CtH17NyNC","{""bme688"": [{""temp"": 21.47986, ""step"": 4, ""status"": 1, ""pres"": 966.6523, ""meas_profile"": ""HP-8"", ""meas_id"": 8, ""hum"": 34.88672, ""gas_res"": 7846.984}, {""temp"": 21.44844, ""step"": 4, ""status"": 1, ""pres"": 966.8098, ""meas_profile"": ""HP-7"", ""meas_id"": 7, ""hum"": 34.79135, ""gas_res"": 9993.754}, {""temp"": 21.51754, ""step"": 4, ""status"": 1, ""pres"": 966.9146, ""meas_profile"": ""HP-6"", ""meas_id"": 6, ""hum"": 34.69107, ""gas_res"": 26578.07}, {""temp"": 21.41735, ""step"": 4, ""status"": 1, ""pres"": 966.6961, ""meas_profile"": ""HP-5"", ""meas_id"": 5, ""hum"": 34.90179, ""gas_res"": 110440.0}, {""temp"": 21.15684, ""step"": 4, ""status"": 1, ""pres"": 966.7753, ""meas_profile"": ""HP-4"", ""meas_id"": 4, ""hum"": 34.4578, ""gas_res"": 139738.0}, {""temp"": 21.32518, ""step"": 4, ""status"": 1, ""pres"": 966.4037, ""meas_profile"": ""HP-3"", ""meas_id"": 3, ""hum"": 35.01809, ""gas_res"": 79950.03}, {""temp"": 21.23046, ""step"": 4, ""status"": 1, ""pres"": 966.5692, ""meas_profile"": ""HP-2"", ""meas_id"": 2, ""hum"": 35.24239, ""gas_res"": 102420.5}, {""temp"": 20.99454, ""step"": 4, ""status"": 1, ""pres"": 966.6314, ""meas_profile"": ""HP-1"", ""meas_id"": 1, ""hum"": 33.64922, ""gas_res"": 100000.0}]}",NULL,"2025-10-27 11:12:31.920955"
12282,"04a600b9b0b8","2025-10-27 11:11:50","3BD6THmcxr5CtH17NyNC","{""bme688"": [{""temp"": 21.47862, ""step"": 3, ""status"": 0, ""pres"": 966.6502, ""meas_profile"": ""HP-8"", ""meas_id"": 8, ""hum"": 34.90952, ""gas_res"": 5684.846}, {""temp"": 21.4472, ""step"": 3, ""status"": 0, ""pres"": 966.8094, ""meas_profile"": ""HP-7"", ""meas_id"": 7, ""hum"": 34.77424, ""gas_res"": 6498.781}, {""temp"": 21.51662, ""step"": 3, ""status"": 0, ""pres"": 966.9133, ""meas_profile"": ""HP-6"", ""meas_id"": 6, ""hum"": 34.72545, ""gas_res"": 15245.35}, {""temp"": 21.4161, ""step"": 3, ""status"": 0, ""pres"": 966.6941, ""meas_profile"": ""HP-5"", ""meas_id"": 5, ""hum"": 34.89599, ""gas_res"": 37285.17}, {""temp"": 21.1556, ""step"": 3, ""status"": 0, ""pres"": 966.7747, ""meas_profile"": ""HP-4"", ""meas_id"": 4, ""hum"": 34.48067, ""gas_res"": 45422.29}, {""temp"": 21.32425, ""step"": 3, ""status"": 0, ""pres"": 966.4021, ""meas_profile"": ""HP-3"", ""meas_id"": 3, ""hum"": 35.02951, ""gas_res"": 28438.13}, {""temp"": 21.22922, ""step"": 3, ""status"": 0, ""pres"": 966.5672, ""meas_profile"": ""HP-2"", ""meas_id"": 2, ""hum"": 35.24796, ""gas_res"": 44290.66}, {""temp"": 20.9936, ""step"": 3, ""status"": 0, ""pres"": 966.6318, ""meas_profile"": ""HP-1"", ""meas_id"": 1, ""hum"": 33.66081, ""gas_res"": 29892.57}]}",NULL,"2025-10-27 11:12:33.195953"
12283,"04a600b9b0b8","2025-10-27 11:11:50","3BD6THmcxr5CtH17NyNC","{""bme688"": [{""temp"": 21.4777, ""step"": 2, ""status"": 1, ""pres"": 966.6489, ""meas_profile"": ""HP-8"", ""meas_id"": 8, ""hum"": 34.89798, ""gas_res"": 16675.35}, {""temp"": 21.44627, ""step"": 2, ""status"": 1, ""pres"": 966.808, ""meas_profile"": ""HP-7"", ""meas_id"": 7, ""hum"": 34.78548, ""gas_res"": 23694.93}, {""temp"": 21.51538, ""step"": 2, ""status"": 1, ""pres"": 966.913, ""meas_profile"": ""HP-6"", ""meas_id"": 6, ""hum"": 34.7081, ""gas_res"": 89510.49}, {""temp"": 21.41516, ""step"": 2, ""status"": 1, ""pres"": 966.6942, ""meas_profile"": ""HP-5"", ""meas_id"": 5, ""hum"": 34.91294, ""gas_res"": 298803.6}, {""temp"": 21.15467, ""step"": 2, ""status"": 1, ""pres"": 966.7751, ""meas_profile"": ""HP-4"", ""meas_id"": 4, ""hum"": 34.48059, ""gas_res"": 481995.8}, {""temp"": 21.32302, ""step"": 2, ""status"": 1, ""pres"": 966.4019, ""meas_profile"": ""HP-3"", ""meas_id"": 3, ""hum"": 35.02939, ""gas_res"": 227353.5}, {""temp"": 21.22828, ""step"": 2, ""status"": 1, ""pres"": 966.5673, ""meas_profile"": ""HP-2"", ""meas_id"": 2, ""hum"": 35.24788, ""gas_res"": 392939.4}, {""temp"": 20.99236, ""step"": 2, ""status"": 1, ""pres"": 966.6299, ""meas_profile"": ""HP-1"", ""meas_id"": 1, ""hum"": 33.68405, ""gas_res"": 297242.4}]}",NULL,"2025-10-27 11:12:34.484702"
12284,"04a600b9b0b8","2025-10-27 11:11:50","3BD6THmcxr5CtH17NyNC","{""bme688"": [{""temp"": 21.47677, ""step"": 1, ""status"": 1, ""pres"": 966.6474, ""meas_profile"": ""HP-8"", ""meas_id"": 8, ""hum"": 34.90935, ""gas_res"": 6370.695}, {""temp"": 21.44534, ""step"": 1, ""status"": 1, ""pres"": 966.808, ""meas_profile"": ""HP-7"", ""meas_id"": 7, ""hum"": 34.76841, ""gas_res"": 6534.613}, {""temp"": 21.51477, ""step"": 1, ""status"": 1, ""pres"": 966.9136, ""meas_profile"": ""HP-6"", ""meas_id"": 6, ""hum"": 34.72527, ""gas_res"": 23054.76}, {""temp"": 21.41453, ""step"": 1, ""status"": 1, ""pres"": 966.6931, ""meas_profile"": ""HP-5"", ""meas_id"": 5, ""hum"": 34.91288, ""gas_res"": 31785.45}, {""temp"": 21.15374, ""step"": 1, ""status"": 1, ""pres"": 966.7735, ""meas_profile"": ""HP-4"", ""meas_id"": 4, ""hum"": 34.48626, ""gas_res"": 37948.41}, {""temp"": 21.3224, ""step"": 1, ""status"": 1, ""pres"": 966.4008, ""meas_profile"": ""HP-3"", ""meas_id"": 3, ""hum"": 35.02934, ""gas_res"": 25000.0}, {""temp"": 21.22766, ""step"": 1, ""status"": 1, ""pres"": 966.5679, ""meas_profile"": ""HP-2"", ""meas_id"": 2, ""hum"": 35.24782, ""gas_res"": 32168.89}, {""temp"": 20.99142, ""step"": 1, ""status"": 1, ""pres"": 966.6304, ""meas_profile"": ""HP-1"", ""meas_id"": 1, ""hum"": 33.67228, ""gas_res"": 24006.0}]}",NULL,"2025-10-27 11:12:35.854837"
12285,"04a600b9b0b8","2025-10-27 11:11:50","3BD6THmcxr5CtH17NyNC","{""bme688"": [{""temp"": 21.47553, ""step"": 0, ""status"": 1, ""pres"": 966.6456, ""meas_profile"": ""HP-8"", ""meas_id"": 8, ""hum"": 34.90924, ""gas_res"": 5684.846}, {""temp"": 21.4441, ""step"": 0, ""status"": 1, ""pres"": 966.8061, ""meas_profile"": ""HP-7"", ""meas_id"": 7, ""hum"": 34.79094, ""gas_res"": 5684.846}, {""temp"": 21.51384, ""step"": 0, ""status"": 1, ""pres"": 966.9123, ""meas_profile"": ""HP-6"", ""meas_id"": 6, ""hum"": 34.71944, ""gas_res"": 6222.049}, {""temp"": 21.4139, ""step"": 0, ""status"": 1, ""pres"": 966.6921, ""meas_profile"": ""HP-5"", ""meas_id"": 5, ""hum"": 34.90147, ""gas_res"": 25000.0}, {""temp"": 21.1528, ""step"": 0, ""status"": 1, ""pres"": 966.7736, ""meas_profile"": ""HP-4"", ""meas_id"": 4, ""hum"": 34.48043, ""gas_res"": 23408.92}, {""temp"": 21.32116, ""step"": 0, ""status"": 1, ""pres"": 966.4005, ""meas_profile"": ""HP-3"", ""meas_id"": 3, ""hum"": 35.03498, ""gas_res"": 8337.676}, {""temp"": 21.22673, ""step"": 0, ""status"": 1, ""pres"": 966.5665, ""meas_profile"": ""HP-2"", ""meas_id"": 2, ""hum"": 35.24773, ""gas_res"": 7568.59}, {""temp"": 20.99049, ""step"": 0, ""status"": 1, ""pres"": 966.6306, ""meas_profile"": ""HP-1"", ""meas_id"": 1, ""hum"": 33.68972, ""gas_res"": 6451.613}]}",NULL,"2025-10-27 11:12:37.042289"
12286,"04a600b9b0b8","2025-10-27 11:11:23","3BD6THmcxr5CtH17NyNC","{""zphs01b"": {""voc"": 0, ""temp"": 19.4, ""pm2_5"": 0, ""pm1_0"": 0, ""pm10"": 341, ""o3"": 0.19, ""no2"": 10.0, ""hum"": 0, ""fmhd"": 0, ""co2"": 5000, ""co"": 0.0}, ""smell_b"": {}, ""sfa30"": {""temp"": 21.515, ""hum"": 35.66, ""fmhd"": 2.4}, ""sen5x"": {""voc"": 128.0, ""temp"": 21.53, ""pm4_0"": 4887.2, ""pm2_5"": 4887.2, ""pm1_0"": 4660.3, ""pm10"": 4887.2, ""nox"": 1.0, ""mass_c"": 4830.475, ""hum"": 40.88}, ""scd41"": {""temp"": 21.21614, ""hum"": 37.87595, ""co2"": 658}, ""power_source"": 0, ""mics6814"": {""red_res"": 0, ""no2_res"": 0, ""no2"": 0.17, ""nh3_res"": 0, ""nh3"": 0.73, ""co_res"": 0, ""co"": 44.0}}",NULL,"2025-10-27 11:12:38.212417"
12287,"04a600b9b0b8","2025-10-27 11:11:23","3BD6THmcxr5CtH17NyNC","{""bme688"": [{""temp"": 21.4743, ""step"": 9, ""status"": 1, ""pres"": 966.6454, ""meas_profile"": ""HP-8"", ""meas_id"": 8, ""hum"": 34.91485, ""gas_res"": 5684.846}, {""temp"": 21.44285, ""step"": 9, ""status"": 1, ""pres"": 966.804, ""meas_profile"": ""HP-7"", ""meas_id"": 7, ""hum"": 34.76817, ""gas_res"": 5684.846}, {""temp"": 21.51291, ""step"": 9, ""status"": 1, ""pres"": 966.9124, ""meas_profile"": ""HP-6"", ""meas_id"": 6, ""hum"": 34.70213, ""gas_res"": 7483.629}, {""temp"": 21.41297, ""step"": 9, ""status"": 1, ""pres"": 966.6908, ""meas_profile"": ""HP-5"", ""meas_id"": 5, ""hum"": 34.89002, ""gas_res"": 23029.87}, {""temp"": 21.15187, ""step"": 9, ""status"": 1, ""pres"": 966.7737, ""meas_profile"": ""HP-4"", ""meas_id"": 4, ""hum"": 34.48034, ""gas_res"": 21717.0}, {""temp"": 21.32023, ""step"": 9, ""status"": 1, ""pres"": 966.399, ""meas_profile"": ""HP-3"", ""meas_id"": 3, ""hum"": 35.02337, ""gas_res"": 6087.122}, {""temp"": 21.22611, ""step"": 9, ""status"": 1, ""pres"": 966.567, ""meas_profile"": ""HP-2"", ""meas_id"": 2, ""hum"": 35.25906, ""gas_res"": 7053.119}, {""temp"": 20.98956, ""step"": 9, ""status"": 1, ""pres"": 966.6293, ""meas_profile"": ""HP-1"", ""meas_id"": 1, ""hum"": 33.68379, ""gas_res"": 8383.547}]}",NULL,"2025-10-27 11:12:39.604599"
12288,"04a600b9b0b8","2025-10-27 11:11:23","3BD6THmcxr5CtH17NyNC","{""bme688"": [{""temp"": 21.47306, ""step"": 8, ""status"": 1, ""pres"": 966.6434, ""meas_profile"": ""HP-8"", ""meas_id"": 8, ""hum"": 34.909, ""gas_res"": 5684.846}, {""temp"": 21.4413, ""step"": 8, ""status"": 1, ""pres"": 966.8031, ""meas_profile"": ""HP-7"", ""meas_id"": 7, ""hum"": 34.79635, ""gas_res"": 5684.846}, {""temp"": 21.51168, ""step"": 8, ""status"": 1, ""pres"": 966.9105, ""meas_profile"": ""HP-6"", ""meas_id"": 6, ""hum"": 34.71924, ""gas_res"": 7744.434}, {""temp"": 21.41234, ""step"": 8, ""status"": 1, ""pres"": 966.6912, ""meas_profile"": ""HP-5"", ""meas_id"": 5, ""hum"": 34.91267, ""gas_res"": 21739.13}, {""temp"": 21.15125, ""step"": 8, ""status"": 1, ""pres"": 966.7727, ""meas_profile"": ""HP-4"", ""meas_id"": 4, ""hum"": 34.48603, ""gas_res"": 20665.16}, {""temp"": 21.31899, ""step"": 8, ""status"": 1, ""pres"": 966.3984, ""meas_profile"": ""HP-3"", ""meas_id"": 3, ""hum"": 35.04628, ""gas_res"": 7766.99}, {""temp"": 21.22518, ""step"": 8, ""status"": 1, ""pres"": 966.5656, ""meas_profile"": ""HP-2"", ""meas_id"": 2, ""hum"": 35.27034, ""gas_res"": 6858.123}, {""temp"": 20.98831, ""step"": 8, ""status"": 1, ""pres"": 966.6292, ""meas_profile"": ""HP-1"", ""meas_id"": 1, ""hum"": 33.68952, ""gas_res"": 5984.664}]}",NULL,"2025-10-27 11:12:40.992764"
12289,"04a600b9b0b8","2025-10-27 11:11:23","3BD6THmcxr5CtH17NyNC","{""bme688"": [{""temp"": 21.47152, ""step"": 7, ""status"": 1, ""pres"": 966.641, ""meas_profile"": ""HP-8"", ""meas_id"": 8, ""hum"": 34.91459, ""gas_res"": 5684.846}, {""temp"": 21.44006, ""step"": 7, ""status"": 1, ""pres"": 966.8027, ""meas_profile"": ""HP-7"", ""meas_id"": 7, ""hum"": 34.80756, ""gas_res"": 5684.846}, {""temp"": 21.51075, ""step"": 7, ""status"": 1, ""pres"": 966.9108, ""meas_profile"": ""HP-6"", ""meas_id"": 6, ""hum"": 34.74789, ""gas_res"": 7766.99}, {""temp"": 21.41172, ""step"": 7, ""status"": 1, ""pres"": 966.6902, ""meas_profile"": ""HP-5"", ""meas_id"": 5, ""hum"": 34.9183, ""gas_res"": 21541.57}, {""temp"": 21.15032, ""step"": 7, ""status"": 1, ""pres"": 966.7728, ""meas_profile"": ""HP-4"", ""meas_id"": 4, ""hum"": 34.50894, ""gas_res"": 18773.83}, {""temp"": 21.31807, ""step"": 7, ""status"": 1, ""pres"": 966.397, ""meas_profile"": ""HP-3"", ""meas_id"": 3, ""hum"": 35.04044, ""gas_res"": 7039.155}, {""temp"": 21.22425, ""step"": 7, ""status"": 1, ""pres"": 966.5658, ""meas_profile"": ""HP-2"", ""meas_id"": 2, ""hum"": 35.28733, ""gas_res"": 6467.259}, {""temp"": 20.98738, ""step"": 7, ""status"": 1, ""pres"": 966.6295, ""meas_profile"": ""HP-1"", ""meas_id"": 1, ""hum"": 33.68943, ""gas_res"": 7801.073}]}",NULL,"2025-10-27 11:12:42.166856"
12290,"04a600b9b0b8","2025-10-27 11:11:23","3BD6THmcxr5CtH17NyNC","{""bme688"": [{""temp"": 21.47059, ""step"": 6, ""status"": 1, ""pres"": 966.6395, ""meas_profile"": ""HP-8"", ""meas_id"": 8, ""hum"": 34.92596, ""gas_res"": 8097.166}, {""temp"": 21.43944, ""step"": 6, ""status"": 1, ""pres"": 966.8017, ""meas_profile"": ""HP-7"", ""meas_id"": 7, ""hum"": 34.79617, ""gas_res"": 10403.12}, {""temp"": 21.50982, ""step"": 6, ""status"": 1, ""pres"": 966.9092, ""meas_profile"": ""HP-6"", ""meas_id"": 6, ""hum"": 34.72482, ""gas_res"": 24801.39}, {""temp"": 21.41109, ""step"": 6, ""status"": 1, ""pres"": 966.691, ""meas_profile"": ""HP-5"", ""meas_id"": 5, ""hum"": 34.9296, ""gas_res"": 100000.0}, {""temp"": 21.14939, ""step"": 6, ""status"": 1, ""pres"": 966.7729, ""meas_profile"": ""HP-4"", ""meas_id"": 4, ""hum"": 34.50311, ""gas_res"": 105588.8}, {""temp"": 21.31714, ""step"": 6, ""status"": 1, ""pres"": 966.3954, ""meas_profile"": ""HP-3"", ""meas_id"": 3, ""hum"": 35.04036, ""gas_res"": 39131.77}, {""temp"": 21.22332, ""step"": 6, ""status"": 1, ""pres"": 966.5659, ""meas_profile"": ""HP-2"", ""meas_id"": 2, ""hum"": 35.28156, ""gas_res"": 100000.0}, {""temp"": 20.98644, ""step"": 6, ""status"": 1, ""pres"": 966.6281, ""meas_profile"": ""HP-1"", ""meas_id"": 1, ""hum"": 33.70103, ""gas_res"": 81632.66}]}",NULL,"2025-10-27 11:12:43.440031"
12291,"04a600b9b0b8","2025-10-27 11:11:23","3BD6THmcxr5CtH17NyNC","{""bme688"": [{""temp"": 21.46967, ""step"": 5, ""status"": 1, ""pres"": 966.6379, ""meas_profile"": ""HP-8"", ""meas_id"": 8, ""hum"": 34.92014, ""gas_res"": 8072.654}, {""temp"": 21.43882, ""step"": 5, ""status"": 1, ""pres"": 966.8007, ""meas_profile"": ""HP-7"", ""meas_id"": 7, ""hum"": 34.81876, ""gas_res"": 10413.28}, {""temp"": 21.50859, ""step"": 5, ""status"": 1, ""pres"": 966.909, ""meas_profile"": ""HP-6"", ""meas_id"": 6, ""hum"": 34.73619, ""gas_res"": 24772.6}, {""temp"": 21.41015, ""step"": 5, ""status"": 1, ""pres"": 966.6894, ""meas_profile"": ""HP-5"", ""meas_id"": 5, ""hum"": 34.92384, ""gas_res"": 100000.0}, {""temp"": 21.14814, ""step"": 5, ""status"": 1, ""pres"": 966.7709, ""meas_profile"": ""HP-4"", ""meas_id"": 4, ""hum"": 34.51449, ""gas_res"": 105393.2}, {""temp"": 21.31652, ""step"": 5, ""status"": 1, ""pres"": 966.3945, ""meas_profile"": ""HP-3"", ""meas_id"": 3, ""hum"": 35.02303, ""gas_res"": 37948.41}, {""temp"": 21.2227, ""step"": 5, ""status"": 1, ""pres"": 966.5649, ""meas_profile"": ""HP-2"", ""meas_id"": 2, ""hum"": 35.28149, ""gas_res"": 100000.0}, {""temp"": 20.98551, ""step"": 5, ""status"": 1, ""pres"": 966.6285, ""meas_profile"": ""HP-1"", ""meas_id"": 1, ""hum"": 33.69511, ""gas_res"": 45911.05}]}",NULL,"2025-10-27 11:12:44.718199"
12292,"04a600b9b0b8","2025-10-27 11:11:23","3BD6THmcxr5CtH17NyNC","{""bme688"": [{""temp"": 21.46874, ""step"": 4, ""status"": 1, ""pres"": 966.6365, ""meas_profile"": ""HP-8"", ""meas_id"": 8, ""hum"": 34.95444, ""gas_res"": 8177.869}, {""temp"": 21.43789, ""step"": 4, ""status"": 1, ""pres"": 966.8008, ""meas_profile"": ""HP-7"", ""meas_id"": 7, ""hum"": 34.80735, ""gas_res"": 10362.69}, {""temp"": 21.50766, ""step"": 4, ""status"": 1, ""pres"": 966.9074, ""meas_profile"": ""HP-6"", ""meas_id"": 6, ""hum"": 34.75334, ""gas_res"": 24873.69}, {""temp"": 21.40921, ""step"": 4, ""status"": 1, ""pres"": 966.6895, ""meas_profile"": ""HP-5"", ""meas_id"": 5, ""hum"": 34.95214, ""gas_res"": 94221.57}, {""temp"": 21.14721, ""step"": 4, ""status"": 1, ""pres"": 966.7712, ""meas_profile"": ""HP-4"", ""meas_id"": 4, ""hum"": 34.53166, ""gas_res"": 108405.7}, {""temp"": 21.3159, ""step"": 4, ""status"": 1, ""pres"": 966.3953, ""meas_profile"": ""HP-3"", ""meas_id"": 3, ""hum"": 35.05175, ""gas_res"": 37122.97}, {""temp"": 21.22177, ""step"": 4, ""status"": 1, ""pres"": 966.5651, ""meas_profile"": ""HP-2"", ""meas_id"": 2, ""hum"": 35.30417, ""gas_res"": 100000.0}, {""temp"": 20.98489, ""step"": 4, ""status"": 1, ""pres"": 966.6294, ""meas_profile"": ""HP-1"", ""meas_id"": 1, ""hum"": 33.71256, ""gas_res"": 45086.3}]}",NULL,"2025-10-27 11:12:46.099656"
12293,"04a600b9b0b8","2025-10-27 11:11:23","3BD6THmcxr5CtH17NyNC","{""bme688"": [{""temp"": 21.4675, ""step"": 3, ""status"": 1, ""pres"": 966.6365, ""meas_profile"": ""HP-8"", ""meas_id"": 8, ""hum"": 34.94287, ""gas_res"": 5684.846}, {""temp"": 21.43695, ""step"": 3, ""status"": 1, ""pres"": 966.7993, ""meas_profile"": ""HP-7"", ""meas_id"": 7, ""hum"": 34.83559, ""gas_res"": 7067.138}, {""temp"": 21.50643, ""step"": 3, ""status"": 1, ""pres"": 966.9073, ""meas_profile"": ""HP-6"", ""meas_id"": 6, ""hum"": 34.76472, ""gas_res"": 15278.11}, {""temp"": 21.40796, ""step"": 3, ""status"": 1, ""pres"": 966.6874, ""meas_profile"": ""HP-5"", ""meas_id"": 5, ""hum"": 34.96907, ""gas_res"": 34934.5}, {""temp"": 21.14597, ""step"": 3, ""status"": 1, ""pres"": 966.7708, ""meas_profile"": ""HP-4"", ""meas_id"": 4, ""hum"": 34.51429, ""gas_res"": 39677.62}, {""temp"": 21.31467, ""step"": 3, ""status"": 1, ""pres"": 966.3931, ""meas_profile"": ""HP-3"", ""meas_id"": 3, ""hum"": 35.05739, ""gas_res"": 24815.82}, {""temp"": 21.22052, ""step"": 3, ""status"": 1, ""pres"": 966.563, ""meas_profile"": ""HP-2"", ""meas_id"": 2, ""hum"": 35.31544, ""gas_res"": 36866.36}, {""temp"": 20.98364, ""step"": 3, ""status"": 1, ""pres"": 966.6275, ""meas_profile"": ""HP-1"", ""meas_id"": 1, ""hum"": 33.71829, ""gas_res"": 26186.58}]}",NULL,"2025-10-27 11:12:47.289494"
12294,"04a600b9b0b8","2025-10-27 11:11:23","3BD6THmcxr5CtH17NyNC","{""bme688"": [{""temp"": 21.46658, ""step"": 2, ""status"": 1, ""pres"": 966.6349, ""meas_profile"": ""HP-8"", ""meas_id"": 8, ""hum"": 34.95424, ""gas_res"": 19458.8}, {""temp"": 21.43602, ""step"": 2, ""status"": 1, ""pres"": 966.7977, ""meas_profile"": ""HP-7"", ""meas_id"": 7, ""hum"": 34.84116, ""gas_res"": 27257.24}, {""temp"": 21.5055, ""step"": 2, ""status"": 1, ""pres"": 966.9059, ""meas_profile"": ""HP-6"", ""meas_id"": 6, ""hum"": 34.75889, ""gas_res"": 93962.2}, {""temp"": 21.40702, ""step"": 2, ""status"": 1, ""pres"": 966.6859, ""meas_profile"": ""HP-5"", ""meas_id"": 5, ""hum"": 34.95762, ""gas_res"": 283185.8}, {""temp"": 21.14473, ""step"": 2, ""status"": 1, ""pres"": 966.7703, ""meas_profile"": ""HP-4"", ""meas_id"": 4, ""hum"": 34.52568, ""gas_res"": 397747.1}, {""temp"": 21.31374, ""step"": 2, ""status"": 1, ""pres"": 966.3934, ""meas_profile"": ""HP-3"", ""meas_id"": 3, ""hum"": 35.06882, ""gas_res"": 176612.6}, {""temp"": 21.21959, ""step"": 2, ""status"": 1, ""pres"": 966.5631, ""meas_profile"": ""HP-2"", ""meas_id"": 2, ""hum"": 35.30396, ""gas_res"": 313917.8}, {""temp"": 20.98271, ""step"": 2, ""status"": 1, ""pres"": 966.6278, ""meas_profile"": ""HP-1"", ""meas_id"": 1, ""hum"": 33.72405, ""gas_res"": 232780.2}]}",NULL,"2025-10-27 11:12:48.566054"
12295,"04a600b9b0b8","2025-10-27 11:11:23","3BD6THmcxr5CtH17NyNC","{""bme688"": [{""temp"": 21.46565, ""step"": 1, ""status"": 1, ""pres"": 966.6336, ""meas_profile"": ""HP-8"", ""meas_id"": 8, ""hum"": 34.95989, ""gas_res"": 6884.682}, {""temp"": 21.43509, ""step"": 1, ""status"": 1, ""pres"": 966.7979, ""meas_profile"": ""HP-7"", ""meas_id"": 7, ""hum"": 34.84108, ""gas_res"": 7006.788}, {""temp"": 21.50458, ""step"": 1, ""status"": 1, ""pres"": 966.9043, ""meas_profile"": ""HP-6"", ""meas_id"": 6, ""hum"": 34.76454, ""gas_res"": 22145.33}, {""temp"": 21.4064, ""step"": 1, ""status"": 1, ""pres"": 966.6866, ""meas_profile"": ""HP-5"", ""meas_id"": 5, ""hum"": 34.95756, ""gas_res"": 28138.05}, {""temp"": 21.14411, ""step"": 1, ""status"": 1, ""pres"": 966.7709, ""meas_profile"": ""HP-4"", ""meas_id"": 4, ""hum"": 34.53712, ""gas_res"": 30274.36}, {""temp"": 21.31281, ""step"": 1, ""status"": 1, ""pres"": 966.392, ""meas_profile"": ""HP-3"", ""meas_id"": 3, ""hum"": 35.06873, ""gas_res"": 25000.0}, {""temp"": 21.21897, ""step"": 1, ""status"": 1, ""pres"": 966.5638, ""meas_profile"": ""HP-2"", ""meas_id"": 2, ""hum"": 35.33238, ""gas_res"": 24432.14}, {""temp"": 20.98178, ""step"": 1, ""status"": 1, ""pres"": 966.6281, ""meas_profile"": ""HP-1"", ""meas_id"": 1, ""hum"": 33.74149, ""gas_res"": 25000.0}]}",NULL,"2025-10-27 11:12:49.855664"
12296,"04a600b9b0b8","2025-10-27 11:11:23","3BD6THmcxr5CtH17NyNC","{""bme688"": [{""temp"": 21.46441, ""step"": 0, ""status"": 1, ""pres"": 966.6317, ""meas_profile"": ""HP-8"", ""meas_id"": 8, ""hum"": 34.95404, ""gas_res"": 5684.846}, {""temp"": 21.43385, ""step"": 0, ""status"": 1, ""pres"": 966.7958, ""meas_profile"": ""HP-7"", ""meas_id"": 7, ""hum"": 34.84097, ""gas_res"": 5684.846}, {""temp"": 21.50365, ""step"": 0, ""status"": 1, ""pres"": 966.9045, ""meas_profile"": ""HP-6"", ""meas_id"": 6, ""hum"": 34.75296, ""gas_res"": 6200.349}, {""temp"": 21.40577, ""step"": 0, ""status"": 1, ""pres"": 966.6857, ""meas_profile"": ""HP-5"", ""meas_id"": 5, ""hum"": 34.95182, ""gas_res"": 22519.35}, {""temp"": 21.14317, ""step"": 0, ""status"": 1, ""pres"": 966.7695, ""meas_profile"": ""HP-4"", ""meas_id"": 4, ""hum"": 34.52554, ""gas_res"": 18707.98}, {""temp"": 21.31188, ""step"": 0, ""status"": 1, ""pres"": 966.3903, ""meas_profile"": ""HP-3"", ""meas_id"": 3, ""hum"": 35.06864, ""gas_res"": 6758.184}, {""temp"": 21.21773, ""step"": 0, ""status"": 1, ""pres"": 966.5618, ""meas_profile"": ""HP-2"", ""meas_id"": 2, ""hum"": 35.32657, ""gas_res"": 6073.259}, {""temp"": 20.98084, ""step"": 0, ""status"": 1, ""pres"": 966.6285, ""meas_profile"": ""HP-1"", ""meas_id"": 1, ""hum"": 33.73556, ""gas_res"": 7568.59}]}",NULL,"2025-10-27 11:12:51.212513"
12297,"04a600b9b0b8","2025-10-27 11:13:22","3BD6THmcxr5CtH17NyNC","{""zphs01b"": {""voc"": 0, ""temp"": 19.6, ""pm2_5"": 0, ""pm1_0"": 0, ""pm10"": 347, ""o3"": 0.17, ""no2"": 10.0, ""hum"": 0, ""fmhd"": 0, ""co2"": 5000, ""co"": 0.0}, ""smell_b"": {}, ""sfa30"": {""temp"": 21.565, ""hum"": 35.56, ""fmhd"": 1.8}, ""sen5x"": {""voc"": 123.0, ""temp"": 21.455, ""pm4_0"": 4420.4, ""pm2_5"": 4420.4, ""pm1_0"": 4215.1, ""pm10"": 4420.4, ""nox"": 1.0, ""mass_c"": 4369.075, ""hum"": 41.08}, ""scd41"": {""temp"": 21.37637, ""hum"": 37.65774, ""co2"": 674}, ""power_source"": 0, ""mics6814"": {""red_res"": 0, ""no2_res"": 0, ""no2"": 0.17, ""nh3_res"": 0, ""nh3"": 0.73, ""co_res"": 0, ""co"": 44.0}}",NULL,"2025-10-27 11:13:55.291799"
12298,"04a600b9b0b8","2025-10-27 11:13:22","3BD6THmcxr5CtH17NyNC","{""bme688"": [{""temp"": 21.51321, ""step"": 9, ""status"": 1, ""pres"": 966.6799, ""meas_profile"": ""HP-8"", ""meas_id"": 8, ""hum"": 34.81538, ""gas_res"": 5684.846}, {""temp"": 21.47888, ""step"": 9, ""status"": 1, ""pres"": 966.8282, ""meas_profile"": ""HP-7"", ""meas_id"": 7, ""hum"": 34.69793, ""gas_res"": 5684.846}, {""temp"": 21.54872, ""step"": 9, ""status"": 1, ""pres"": 966.9353, ""meas_profile"": ""HP-6"", ""meas_id"": 6, ""hum"": 34.61931, ""gas_res"": 7964.161}, {""temp"": 21.44518, ""step"": 9, ""status"": 1, ""pres"": 966.7031, ""meas_profile"": ""HP-5"", ""meas_id"": 5, ""hum"": 34.77383, ""gas_res"": 25000.0}, {""temp"": 21.18666, ""step"": 9, ""status"": 1, ""pres"": 966.7808, ""meas_profile"": ""HP-4"", ""meas_id"": 4, ""hum"": 34.33988, ""gas_res"": 25000.0}, {""temp"": 21.35548, ""step"": 9, ""status"": 1, ""pres"": 966.4192, ""meas_profile"": ""HP-3"", ""meas_id"": 3, ""hum"": 34.86561, ""gas_res"": 6961.062}, {""temp"": 21.26058, ""step"": 9, ""status"": 1, ""pres"": 966.5797, ""meas_profile"": ""HP-2"", ""meas_id"": 2, ""hum"": 35.10872, ""gas_res"": 8048.29}, {""temp"": 21.0241, ""step"": 9, ""status"": 1, ""pres"": 966.6351, ""meas_profile"": ""HP-1"", ""meas_id"": 1, ""hum"": 33.54101, ""gas_res"": 6607.475}]}",NULL,"2025-10-27 11:13:56.391927"
12299,"04a600b9b0b8","2025-10-27 11:13:22","3BD6THmcxr5CtH17NyNC","{""bme688"": [{""temp"": 21.51167, ""step"": 8, ""status"": 1, ""pres"": 966.6791, ""meas_profile"": ""HP-8"", ""meas_id"": 8, ""hum"": 34.81523, ""gas_res"": 5684.846}, {""temp"": 21.47732, ""step"": 8, ""status"": 1, ""pres"": 966.8273, ""meas_profile"": ""HP-7"", ""meas_id"": 7, ""hum"": 34.68646, ""gas_res"": 5684.846}, {""temp"": 21.54749, ""step"": 8, ""status"": 1, ""pres"": 966.9351, ""meas_profile"": ""HP-6"", ""meas_id"": 6, ""hum"": 34.60197, ""gas_res"": 6168.08}, {""temp"": 21.44393, ""step"": 8, ""status"": 1, ""pres"": 966.7026, ""meas_profile"": ""HP-5"", ""meas_id"": 5, ""hum"": 34.77371, ""gas_res"": 25000.0}, {""temp"": 21.18542, ""step"": 8, ""status"": 1, ""pres"": 966.7804, ""meas_profile"": ""HP-4"", ""meas_id"": 4, ""hum"": 34.35125, ""gas_res"": 25000.0}, {""temp"": 21.35425, ""step"": 8, ""status"": 1, ""pres"": 966.4189, ""meas_profile"": ""HP-3"", ""meas_id"": 3, ""hum"": 34.86549, ""gas_res"": 6490.872}, {""temp"": 21.25934, ""step"": 8, ""status"": 1, ""pres"": 966.5793, ""meas_profile"": ""HP-2"", ""meas_id"": 2, ""hum"": 35.10291, ""gas_res"": 8383.547}, {""temp"": 21.02285, ""step"": 8, ""status"": 1, ""pres"": 966.635, ""meas_profile"": ""HP-1"", ""meas_id"": 1, ""hum"": 33.50591, ""gas_res"": 6866.953}]}",NULL,"2025-10-27 11:13:57.761181"
12300,"04a600b9b0b8","2025-10-27 11:13:22","3BD6THmcxr5CtH17NyNC","{""bme688"": [{""temp"": 21.51012, ""step"": 7, ""status"": 1, ""pres"": 966.6769, ""meas_profile"": ""HP-8"", ""meas_id"": 8, ""hum"": 34.80936, ""gas_res"": 5684.846}, {""temp"": 21.47577, ""step"": 7, ""status"": 1, ""pres"": 966.8265, ""meas_profile"": ""HP-7"", ""meas_id"": 7, ""hum"": 34.69197, ""gas_res"": 5684.846}, {""temp"": 21.54625, ""step"": 7, ""status"": 1, ""pres"": 966.9348, ""meas_profile"": ""HP-6"", ""meas_id"": 6, ""hum"": 34.60186, ""gas_res"": 6157.398}, {""temp"": 21.44299, ""step"": 7, ""status"": 1, ""pres"": 966.7045, ""meas_profile"": ""HP-5"", ""meas_id"": 5, ""hum"": 34.7793, ""gas_res"": 25000.0}, {""temp"": 21.18418, ""step"": 7, ""status"": 1, ""pres"": 966.7801, ""meas_profile"": ""HP-4"", ""meas_id"": 4, ""hum"": 34.35113, ""gas_res"": 25000.0}, {""temp"": 21.35301, ""step"": 7, ""status"": 1, ""pres"": 966.4185, ""meas_profile"": ""HP-3"", ""meas_id"": 3, ""hum"": 34.86538, ""gas_res"": 6018.432}, {""temp"": 21.2581, ""step"": 7, ""status"": 1, ""pres"": 966.579, ""meas_profile"": ""HP-2"", ""meas_id"": 2, ""hum"": 35.09712, ""gas_res"": 7823.961}, {""temp"": 21.02192, ""step"": 7, ""status"": 1, ""pres"": 966.6355, ""meas_profile"": ""HP-1"", ""meas_id"": 1, ""hum"": 33.53498, ""gas_res"": 6603.384}]}",NULL,"2025-10-27 11:13:58.961592"
12301,"04a600b9b0b8","2025-10-27 11:13:22","3BD6THmcxr5CtH17NyNC","{""bme688"": [{""temp"": 21.50889, ""step"": 6, ""status"": 1, ""pres"": 966.6765, ""meas_profile"": ""HP-8"", ""meas_id"": 8, ""hum"": 34.81497, ""gas_res"": 7916.873}, {""temp"": 21.47484, ""step"": 6, ""status"": 1, ""pres"": 966.8265, ""meas_profile"": ""HP-7"", ""meas_id"": 7, ""hum"": 34.70887, ""gas_res"": 10292.7}, {""temp"": 21.54502, ""step"": 6, ""status"": 1, ""pres"": 966.9329, ""meas_profile"": ""HP-6"", ""meas_id"": 6, ""hum"": 34.60174, ""gas_res"": 26947.37}, {""temp"": 21.44174, ""step"": 6, ""status"": 1, ""pres"": 966.7042, ""meas_profile"": ""HP-5"", ""meas_id"": 5, ""hum"": 34.79621, ""gas_res"": 108474.6}, {""temp"": 21.18293, ""step"": 6, ""status"": 1, ""pres"": 966.7815, ""meas_profile"": ""HP-4"", ""meas_id"": 4, ""hum"": 34.35102, ""gas_res"": 129358.3}, {""temp"": 21.35146, ""step"": 6, ""status"": 1, ""pres"": 966.4177, ""meas_profile"": ""HP-3"", ""meas_id"": 3, ""hum"": 34.87099, ""gas_res"": 79503.11}, {""temp"": 21.25654, ""step"": 6, ""status"": 1, ""pres"": 966.5782, ""meas_profile"": ""HP-2"", ""meas_id"": 2, ""hum"": 35.10266, ""gas_res"": 101446.4}, {""temp"": 21.02068, ""step"": 6, ""status"": 1, ""pres"": 966.6373, ""meas_profile"": ""HP-1"", ""meas_id"": 1, ""hum"": 33.51154, ""gas_res"": 100000.0}]}",NULL,"2025-10-27 11:14:00.258753"
12302,"04a600b9b0b8","2025-10-27 11:13:22","3BD6THmcxr5CtH17NyNC","{""bme688"": [{""temp"": 21.50765, ""step"": 5, ""status"": 1, ""pres"": 966.6765, ""meas_profile"": ""HP-8"", ""meas_id"": 8, ""hum"": 34.81485, ""gas_res"": 7795.372}, {""temp"": 21.47391, ""step"": 5, ""status"": 1, ""pres"": 966.8267, ""meas_profile"": ""HP-7"", ""meas_id"": 7, ""hum"": 34.6918, ""gas_res"": 10204.08}, {""temp"": 21.54378, ""step"": 5, ""status"": 1, ""pres"": 966.9326, ""meas_profile"": ""HP-6"", ""meas_id"": 6, ""hum"": 34.59589, ""gas_res"": 26896.41}, {""temp"": 21.44017, ""step"": 5, ""status"": 1, ""pres"": 966.7032, ""meas_profile"": ""HP-5"", ""meas_id"": 5, ""hum"": 34.79606, ""gas_res"": 108889.8}, {""temp"": 21.18138, ""step"": 5, ""status"": 1, ""pres"": 966.7805, ""meas_profile"": ""HP-4"", ""meas_id"": 4, ""hum"": 34.34513, ""gas_res"": 132060.9}, {""temp"": 21.35023, ""step"": 5, ""status"": 1, ""pres"": 966.4174, ""meas_profile"": ""HP-3"", ""meas_id"": 3, ""hum"": 34.87087, ""gas_res"": 79503.11}, {""temp"": 21.2553, ""step"": 5, ""status"": 1, ""pres"": 966.5779, ""meas_profile"": ""HP-2"", ""meas_id"": 2, ""hum"": 35.10254, ""gas_res"": 101205.8}, {""temp"": 21.01943, ""step"": 5, ""status"": 1, ""pres"": 966.6353, ""meas_profile"": ""HP-1"", ""meas_id"": 1, ""hum"": 33.49393, ""gas_res"": 100000.0}]}",NULL,"2025-10-27 11:14:01.518081"
12303,"04a600b9b0b8","2025-10-27 11:13:22","3BD6THmcxr5CtH17NyNC","{""bme688"": [{""temp"": 21.50642, ""step"": 4, ""status"": 1, ""pres"": 966.6763, ""meas_profile"": ""HP-8"", ""meas_id"": 8, ""hum"": 34.84338, ""gas_res"": 7858.546}, {""temp"": 21.47267, ""step"": 4, ""status"": 1, ""pres"": 966.8264, ""meas_profile"": ""HP-7"", ""meas_id"": 7, ""hum"": 34.68602, ""gas_res"": 10031.35}, {""temp"": 21.54224, ""step"": 4, ""status"": 1, ""pres"": 966.9319, ""meas_profile"": ""HP-6"", ""meas_id"": 6, ""hum"": 34.62444, ""gas_res"": 26879.46}, {""temp"": 21.43892, ""step"": 4, ""status"": 1, ""pres"": 966.7029, ""meas_profile"": ""HP-5"", ""meas_id"": 5, ""hum"": 34.80729, ""gas_res"": 111961.5}, {""temp"": 21.18014, ""step"": 4, ""status"": 1, ""pres"": 966.7802, ""meas_profile"": ""HP-4"", ""meas_id"": 4, ""hum"": 34.34502, ""gas_res"": 139395.6}, {""temp"": 21.34899, ""step"": 4, ""status"": 1, ""pres"": 966.4171, ""meas_profile"": ""HP-3"", ""meas_id"": 3, ""hum"": 34.8765, ""gas_res"": 80326.33}, {""temp"": 21.25375, ""step"": 4, ""status"": 1, ""pres"": 966.5769, ""meas_profile"": ""HP-2"", ""meas_id"": 2, ""hum"": 35.12513, ""gas_res"": 101931.1}, {""temp"": 21.0185, ""step"": 4, ""status"": 1, ""pres"": 966.6375, ""meas_profile"": ""HP-1"", ""meas_id"": 1, ""hum"": 33.5405, ""gas_res"": 100000.0}]}",NULL,"2025-10-27 11:14:02.918966"
12304,"04a600b9b0b8","2025-10-27 11:13:22","3BD6THmcxr5CtH17NyNC","{""bme688"": [{""temp"": 21.50487, ""step"": 3, ""status"": 0, ""pres"": 966.6756, ""meas_profile"": ""HP-8"", ""meas_id"": 8, ""hum"": 34.84323, ""gas_res"": 5684.846}, {""temp"": 21.47142, ""step"": 3, ""status"": 0, ""pres"": 966.8261, ""meas_profile"": ""HP-7"", ""meas_id"": 7, ""hum"": 34.70856, ""gas_res"": 6236.601}, {""temp"": 21.541, ""step"": 3, ""status"": 0, ""pres"": 966.9316, ""meas_profile"": ""HP-6"", ""meas_id"": 6, ""hum"": 34.61859, ""gas_res"": 14760.15}, {""temp"": 21.43767, ""step"": 3, ""status"": 0, ""pres"": 966.7025, ""meas_profile"": ""HP-5"", ""meas_id"": 5, ""hum"": 34.8015, ""gas_res"": 36056.34}, {""temp"": 21.17859, ""step"": 3, ""status"": 0, ""pres"": 966.781, ""meas_profile"": ""HP-4"", ""meas_id"": 4, ""hum"": 34.3736, ""gas_res"": 42780.75}, {""temp"": 21.34744, ""step"": 3, ""status"": 0, ""pres"": 966.4162, ""meas_profile"": ""HP-3"", ""meas_id"": 3, ""hum"": 34.89361, ""gas_res"": 26611.23}, {""temp"": 21.2522, ""step"": 3, ""status"": 0, ""pres"": 966.5779, ""meas_profile"": ""HP-2"", ""meas_id"": 2, ""hum"": 35.13636, ""gas_res"": 40583.39}, {""temp"": 21.01694, ""step"": 3, ""status"": 0, ""pres"": 966.6369, ""meas_profile"": ""HP-1"", ""meas_id"": 1, ""hum"": 33.55203, ""gas_res"": 27205.1}]}",NULL,"2025-10-27 11:14:04.118818"
12305,"04a600b9b0b8","2025-10-27 11:13:22","3BD6THmcxr5CtH17NyNC","{""bme688"": [{""temp"": 21.50333, ""step"": 2, ""status"": 1, ""pres"": 966.6732, ""meas_profile"": ""HP-8"", ""meas_id"": 8, ""hum"": 34.84882, ""gas_res"": 14238.04}, {""temp"": 21.47018, ""step"": 2, ""status"": 1, ""pres"": 966.8256, ""meas_profile"": ""HP-7"", ""meas_id"": 7, ""hum"": 34.7141, ""gas_res"": 19656.02}, {""temp"": 21.53946, ""step"": 2, ""status"": 1, ""pres"": 966.9308, ""meas_profile"": ""HP-6"", ""meas_id"": 6, ""hum"": 34.64716, ""gas_res"": 69301.57}, {""temp"": 21.43611, ""step"": 2, ""status"": 1, ""pres"": 966.7017, ""meas_profile"": ""HP-5"", ""meas_id"": 5, ""hum"": 34.80703, ""gas_res"": 218897.0}, {""temp"": 21.17734, ""step"": 2, ""status"": 1, ""pres"": 966.7805, ""meas_profile"": ""HP-4"", ""meas_id"": 4, ""hum"": 34.35051, ""gas_res"": 364932.3}, {""temp"": 21.34621, ""step"": 2, ""status"": 1, ""pres"": 966.416, ""meas_profile"": ""HP-3"", ""meas_id"": 3, ""hum"": 34.8935, ""gas_res"": 168255.0}, {""temp"": 21.25064, ""step"": 2, ""status"": 1, ""pres"": 966.577, ""meas_profile"": ""HP-2"", ""meas_id"": 2, ""hum"": 35.13621, ""gas_res"": 296983.8}, {""temp"": 21.01538, ""step"": 2, ""status"": 1, ""pres"": 966.6364, ""meas_profile"": ""HP-1"", ""meas_id"": 1, ""hum"": 33.57522, ""gas_res"": 219601.1}]}",NULL,"2025-10-27 11:14:05.367118"
12306,"04a600b9b0b8","2025-10-27 11:13:22","3BD6THmcxr5CtH17NyNC","{""bme688"": [{""temp"": 21.50209, ""step"": 1, ""status"": 1, ""pres"": 966.673, ""meas_profile"": ""HP-8"", ""meas_id"": 8, ""hum"": 34.85442, ""gas_res"": 6661.116}, {""temp"": 21.46894, ""step"": 1, ""status"": 1, ""pres"": 966.8253, ""meas_profile"": ""HP-7"", ""meas_id"": 7, ""hum"": 34.7253, ""gas_res"": 6644.518}, {""temp"": 21.53853, ""step"": 1, ""status"": 1, ""pres"": 966.931, ""meas_profile"": ""HP-6"", ""meas_id"": 6, ""hum"": 34.63559, ""gas_res"": 25000.0}, {""temp"": 21.43517, ""step"": 1, ""status"": 1, ""pres"": 966.7017, ""meas_profile"": ""HP-5"", ""meas_id"": 5, ""hum"": 34.79559, ""gas_res"": 33693.08}, {""temp"": 21.1761, ""step"": 1, ""status"": 1, ""pres"": 966.7801, ""meas_profile"": ""HP-4"", ""meas_id"": 4, ""hum"": 34.37911, ""gas_res"": 39825.76}, {""temp"": 21.34528, ""step"": 1, ""status"": 1, ""pres"": 966.416, ""meas_profile"": ""HP-3"", ""meas_id"": 3, ""hum"": 34.88766, ""gas_res"": 23992.5}, {""temp"": 21.24971, ""step"": 1, ""status"": 1, ""pres"": 966.577, ""meas_profile"": ""HP-2"", ""meas_id"": 2, ""hum"": 35.13044, ""gas_res"": 33455.3}, {""temp"": 21.01445, ""step"": 1, ""status"": 1, ""pres"": 966.6367, ""meas_profile"": ""HP-1"", ""meas_id"": 1, ""hum"": 33.55764, ""gas_res"": 24961.0}]}",NULL,"2025-10-27 11:14:06.636549"
12307,"04a600b9b0b8","2025-10-27 11:13:22","3BD6THmcxr5CtH17NyNC","{""bme688"": [{""temp"": 21.50055, ""step"": 0, ""status"": 1, ""pres"": 966.6724, ""meas_profile"": ""HP-8"", ""meas_id"": 8, ""hum"": 34.84856, ""gas_res"": 5684.846}, {""temp"": 21.46739, ""step"": 0, ""status"": 1, ""pres"": 966.8244, ""meas_profile"": ""HP-7"", ""meas_id"": 7, ""hum"": 34.70818, ""gas_res"": 5684.846}, {""temp"": 21.53699, ""step"": 0, ""status"": 1, ""pres"": 966.9303, ""meas_profile"": ""HP-6"", ""meas_id"": 6, ""hum"": 34.61822, ""gas_res"": 6412.826}, {""temp"": 21.43423, ""step"": 0, ""status"": 1, ""pres"": 966.702, ""meas_profile"": ""HP-5"", ""meas_id"": 5, ""hum"": 34.81253, ""gas_res"": 25000.0}, {""temp"": 21.17486, ""step"": 0, ""status"": 1, ""pres"": 966.7798, ""meas_profile"": ""HP-4"", ""meas_id"": 4, ""hum"": 34.37326, ""gas_res"": 25000.0}, {""temp"": 21.34373, ""step"": 0, ""status"": 1, ""pres"": 966.4152, ""meas_profile"": ""HP-3"", ""meas_id"": 3, ""hum"": 34.91051, ""gas_res"": 6139.678}, {""temp"": 21.24847, ""step"": 0, ""status"": 1, ""pres"": 966.5767, ""meas_profile"": ""HP-2"", ""meas_id"": 2, ""hum"": 35.15307, ""gas_res"": 7772.65}, {""temp"": 21.01321, ""step"": 0, ""status"": 1, ""pres"": 966.6365, ""meas_profile"": ""HP-1"", ""meas_id"": 1, ""hum"": 33.55753, ""gas_res"": 6494.824}]}",NULL,"2025-10-27 11:14:08.007085"
12308,"04a600b9b0b8","2025-10-27 11:12:54","3BD6THmcxr5CtH17NyNC","{""zphs01b"": {""voc"": 0, ""temp"": 19.6, ""pm2_5"": 0, ""pm1_0"": 0, ""pm10"": 336, ""o3"": 0.28, ""no2"": 4.02, ""hum"": 0, ""fmhd"": 0, ""co2"": 5000, ""co"": 0.0}, ""smell_b"": {}, ""sfa30"": {""temp"": 21.555, ""hum"": 35.57, ""fmhd"": 1.8}, ""sen5x"": {""voc"": 136.0, ""temp"": 21.475, ""pm4_0"": 4402.6, ""pm2_5"": 4402.6, ""pm1_0"": 4198.1, ""pm10"": 4402.6, ""nox"": 1.0, ""mass_c"": 4351.475, ""hum"": 41.04}, ""scd41"": {""temp"": 21.34966, ""hum"": 37.72183, ""co2"": 673}, ""power_source"": 0, ""mics6814"": {""red_res"": 0, ""no2_res"": 0, ""no2"": 0.17, ""nh3_res"": 0, ""nh3"": 0.73, ""co_res"": 0, ""co"": 44.0}}",NULL,"2025-10-27 11:14:09.09791"
12309,"04a600b9b0b8","2025-10-27 11:12:54","3BD6THmcxr5CtH17NyNC","{""bme688"": [{""temp"": 21.49931, ""step"": 9, ""status"": 1, ""pres"": 966.6722, ""meas_profile"": ""HP-8"", ""meas_id"": 8, ""hum"": 34.83698, ""gas_res"": 5684.846}, {""temp"": 21.46583, ""step"": 9, ""status"": 1, ""pres"": 966.8234, ""meas_profile"": ""HP-7"", ""meas_id"": 7, ""hum"": 34.68539, ""gas_res"": 5684.846}, {""temp"": 21.53576, ""step"": 9, ""status"": 1, ""pres"": 966.93, ""meas_profile"": ""HP-6"", ""meas_id"": 6, ""hum"": 34.6181, ""gas_res"": 7864.34}, {""temp"": 21.43329, ""step"": 9, ""status"": 1, ""pres"": 966.7037, ""meas_profile"": ""HP-5"", ""meas_id"": 5, ""hum"": 34.79542, ""gas_res"": 25000.0}, {""temp"": 21.17392, ""step"": 9, ""status"": 1, ""pres"": 966.7799, ""meas_profile"": ""HP-4"", ""meas_id"": 4, ""hum"": 34.37317, ""gas_res"": 23180.01}, {""temp"": 21.3425, ""step"": 9, ""status"": 1, ""pres"": 966.4149, ""meas_profile"": ""HP-3"", ""meas_id"": 3, ""hum"": 34.8989, ""gas_res"": 6340.4}, {""temp"": 21.24723, ""step"": 9, ""status"": 1, ""pres"": 966.5764, ""meas_profile"": ""HP-2"", ""meas_id"": 2, ""hum"": 35.13589, ""gas_res"": 7633.588}, {""temp"": 21.01196, ""step"": 9, ""status"": 1, ""pres"": 966.6364, ""meas_profile"": ""HP-1"", ""meas_id"": 1, ""hum"": 33.56908, ""gas_res"": 6146.754}]}",NULL,"2025-10-27 11:14:10.484379"
12310,"04a600b9b0b8","2025-10-27 11:12:54","3BD6THmcxr5CtH17NyNC","{""bme688"": [{""temp"": 21.49777, ""step"": 8, ""status"": 1, ""pres"": 966.6697, ""meas_profile"": ""HP-8"", ""meas_id"": 8, ""hum"": 34.84258, ""gas_res"": 5684.846}, {""temp"": 21.46428, ""step"": 8, ""status"": 1, ""pres"": 966.8228, ""meas_profile"": ""HP-7"", ""meas_id"": 7, ""hum"": 34.72487, ""gas_res"": 5684.846}, {""temp"": 21.53452, ""step"": 8, ""status"": 1, ""pres"": 966.9297, ""meas_profile"": ""HP-6"", ""meas_id"": 6, ""hum"": 34.6467, ""gas_res"": 7958.219}, {""temp"": 21.43235, ""step"": 8, ""status"": 1, ""pres"": 966.704, ""meas_profile"": ""HP-5"", ""meas_id"": 5, ""hum"": 34.801, ""gas_res"": 23383.27}, {""temp"": 21.17268, ""step"": 8, ""status"": 1, ""pres"": 966.7813, ""meas_profile"": ""HP-4"", ""meas_id"": 4, ""hum"": 34.3788, ""gas_res"": 22260.87}, {""temp"": 21.34126, ""step"": 8, ""status"": 1, ""pres"": 966.4146, ""meas_profile"": ""HP-3"", ""meas_id"": 3, ""hum"": 34.90453, ""gas_res"": 5931.418}, {""temp"": 21.2463, ""step"": 8, ""status"": 1, ""pres"": 966.5765, ""meas_profile"": ""HP-2"", ""meas_id"": 2, ""hum"": 35.16993, ""gas_res"": 7436.672}, {""temp"": 21.01072, ""step"": 8, ""status"": 1, ""pres"": 966.6364, ""meas_profile"": ""HP-1"", ""meas_id"": 1, ""hum"": 33.56314, ""gas_res"": 6125.574}]}",NULL,"2025-10-27 11:14:11.76056"
12311,"04a600b9b0b8","2025-10-27 11:12:54","3BD6THmcxr5CtH17NyNC","{""bme688"": [{""temp"": 21.49623, ""step"": 7, ""status"": 1, ""pres"": 966.6691, ""meas_profile"": ""HP-8"", ""meas_id"": 8, ""hum"": 34.84816, ""gas_res"": 5684.846}, {""temp"": 21.46273, ""step"": 7, ""status"": 1, ""pres"": 966.8201, ""meas_profile"": ""HP-7"", ""meas_id"": 7, ""hum"": 34.71907, ""gas_res"": 5684.846}, {""temp"": 21.53329, ""step"": 7, ""status"": 1, ""pres"": 966.9279, ""meas_profile"": ""HP-6"", ""meas_id"": 6, ""hum"": 34.64084, ""gas_res"": 5947.956}, {""temp"": 21.43142, ""step"": 7, ""status"": 1, ""pres"": 966.7023, ""meas_profile"": ""HP-5"", ""meas_id"": 5, ""hum"": 34.82362, ""gas_res"": 23154.85}, {""temp"": 21.17175, ""step"": 7, ""status"": 1, ""pres"": 966.7798, ""meas_profile"": ""HP-4"", ""meas_id"": 4, ""hum"": 34.38446, ""gas_res"": 20138.45}, {""temp"": 21.34002, ""step"": 7, ""status"": 1, ""pres"": 966.4126, ""meas_profile"": ""HP-3"", ""meas_id"": 3, ""hum"": 34.89291, ""gas_res"": 7600.95}, {""temp"": 21.24505, ""step"": 7, ""status"": 1, ""pres"": 966.5761, ""meas_profile"": ""HP-2"", ""meas_id"": 2, ""hum"": 35.14706, ""gas_res"": 6997.595}, {""temp"": 21.00916, ""step"": 7, ""status"": 1, ""pres"": 966.6357, ""meas_profile"": ""HP-1"", ""meas_id"": 1, ""hum"": 33.57467, ""gas_res"": 5901.881}]}",NULL,"2025-10-27 11:14:13.134274"
12312,"04a600b9b0b8","2025-10-27 11:12:54","3BD6THmcxr5CtH17NyNC","{""bme688"": [{""temp"": 21.49499, ""step"": 6, ""status"": 1, ""pres"": 966.6689, ""meas_profile"": ""HP-8"", ""meas_id"": 8, ""hum"": 34.83659, ""gas_res"": 8012.018}, {""temp"": 21.4618, ""step"": 6, ""status"": 1, ""pres"": 966.8201, ""meas_profile"": ""HP-7"", ""meas_id"": 7, ""hum"": 34.71898, ""gas_res"": 10272.87}, {""temp"": 21.53174, ""step"": 6, ""status"": 1, ""pres"": 966.927, ""meas_profile"": ""HP-6"", ""meas_id"": 6, ""hum"": 34.63495, ""gas_res"": 25196.85}, {""temp"": 21.43017, ""step"": 6, ""status"": 1, ""pres"": 966.702, ""meas_profile"": ""HP-5"", ""meas_id"": 5, ""hum"": 34.83485, ""gas_res"": 95008.35}, {""temp"": 21.1702, ""step"": 6, ""status"": 1, ""pres"": 966.7805, ""meas_profile"": ""HP-4"", ""meas_id"": 4, ""hum"": 34.39581, ""gas_res"": 108199.5}, {""temp"": 21.33909, ""step"": 6, ""status"": 1, ""pres"": 966.4127, ""meas_profile"": ""HP-3"", ""meas_id"": 3, ""hum"": 34.92734, ""gas_res"": 40163.16}, {""temp"": 21.24412, ""step"": 6, ""status"": 1, ""pres"": 966.5764, ""meas_profile"": ""HP-2"", ""meas_id"": 2, ""hum"": 35.15266, ""gas_res"": 100000.0}, {""temp"": 21.00792, ""step"": 6, ""status"": 1, ""pres"": 966.6357, ""meas_profile"": ""HP-1"", ""meas_id"": 1, ""hum"": 33.57455, ""gas_res"": 81710.82}]}",NULL,"2025-10-27 11:14:14.329186"
12313,"04a600b9b0b8","2025-10-27 11:12:54","3BD6THmcxr5CtH17NyNC","{""bme688"": [{""temp"": 21.49376, ""step"": 5, ""status"": 1, ""pres"": 966.6671, ""meas_profile"": ""HP-8"", ""meas_id"": 8, ""hum"": 34.85365, ""gas_res"": 8072.654}, {""temp"": 21.46087, ""step"": 5, ""status"": 1, ""pres"": 966.8203, ""meas_profile"": ""HP-7"", ""meas_id"": 7, ""hum"": 34.72455, ""gas_res"": 10292.7}, {""temp"": 21.53051, ""step"": 5, ""status"": 1, ""pres"": 966.9252, ""meas_profile"": ""HP-6"", ""meas_id"": 6, ""hum"": 34.64632, ""gas_res"": 25256.51}, {""temp"": 21.4286, ""step"": 5, ""status"": 1, ""pres"": 966.7011, ""meas_profile"": ""HP-5"", ""meas_id"": 5, ""hum"": 34.82336, ""gas_res"": 95916.07}, {""temp"": 21.16895, ""step"": 5, ""status"": 1, ""pres"": 966.78, ""meas_profile"": ""HP-4"", ""meas_id"": 4, ""hum"": 34.37846, ""gas_res"": 109518.7}, {""temp"": 21.33786, ""step"": 5, ""status"": 1, ""pres"": 966.4124, ""meas_profile"": ""HP-3"", ""meas_id"": 3, ""hum"": 34.92146, ""gas_res"": 39603.96}, {""temp"": 21.24288, ""step"": 5, ""status"": 1, ""pres"": 966.576, ""meas_profile"": ""HP-2"", ""meas_id"": 2, ""hum"": 35.15823, ""gas_res"": 100000.0}, {""temp"": 21.00667, ""step"": 5, ""status"": 1, ""pres"": 966.6355, ""meas_profile"": ""HP-1"", ""meas_id"": 1, ""hum"": 33.58612, ""gas_res"": 79725.95}]}",NULL,"2025-10-27 11:14:15.597879"
12314,"04a600b9b0b8","2025-10-27 11:12:54","3BD6THmcxr5CtH17NyNC","{""bme688"": [{""temp"": 21.49221, ""step"": 4, ""status"": 1, ""pres"": 966.6663, ""meas_profile"": ""HP-8"", ""meas_id"": 8, ""hum"": 34.87642, ""gas_res"": 8060.454}, {""temp"": 21.45993, ""step"": 4, ""status"": 1, ""pres"": 966.8187, ""meas_profile"": ""HP-7"", ""meas_id"": 7, ""hum"": 34.74146, ""gas_res"": 10262.99}, {""temp"": 21.52927, ""step"": 4, ""status"": 1, ""pres"": 966.9247, ""meas_profile"": ""HP-6"", ""meas_id"": 6, ""hum"": 34.63472, ""gas_res"": 25437.2}, {""temp"": 21.42735, ""step"": 4, ""status"": 1, ""pres"": 966.7009, ""meas_profile"": ""HP-5"", ""meas_id"": 5, ""hum"": 34.83459, ""gas_res"": 98009.19}, {""temp"": 21.1674, ""step"": 4, ""status"": 1, ""pres"": 966.7791, ""meas_profile"": ""HP-4"", ""meas_id"": 4, ""hum"": 34.40129, ""gas_res"": 112700.9}, {""temp"": 21.33693, ""step"": 4, ""status"": 1, ""pres"": 966.4125, ""meas_profile"": ""HP-3"", ""meas_id"": 3, ""hum"": 34.93288, ""gas_res"": 39060.12}, {""temp"": 21.24195, ""step"": 4, ""status"": 1, ""pres"": 966.5762, ""meas_profile"": ""HP-2"", ""meas_id"": 2, ""hum"": 35.16951, ""gas_res"": 100000.0}, {""temp"": 21.00543, ""step"": 4, ""status"": 1, ""pres"": 966.6356, ""meas_profile"": ""HP-1"", ""meas_id"": 1, ""hum"": 33.59183, ""gas_res"": 46159.39}]}",NULL,"2025-10-27 11:14:16.880548"
12315,"04a600b9b0b8","2025-10-27 11:12:54","3BD6THmcxr5CtH17NyNC","{""bme688"": [{""temp"": 21.49067, ""step"": 3, ""status"": 0, ""pres"": 966.6639, ""meas_profile"": ""HP-8"", ""meas_id"": 8, ""hum"": 34.87054, ""gas_res"": 5684.846}, {""temp"": 21.45869, ""step"": 3, ""status"": 0, ""pres"": 966.8184, ""meas_profile"": ""HP-7"", ""meas_id"": 7, ""hum"": 34.74133, ""gas_res"": 6542.629}, {""temp"": 21.52773, ""step"": 3, ""status"": 0, ""pres"": 966.9241, ""meas_profile"": ""HP-6"", ""meas_id"": 6, ""hum"": 34.6633, ""gas_res"": 14469.82}, {""temp"": 21.4261, ""step"": 3, ""status"": 0, ""pres"": 966.7004, ""meas_profile"": ""HP-5"", ""meas_id"": 5, ""hum"": 34.84015, ""gas_res"": 33402.92}, {""temp"": 21.16585, ""step"": 3, ""status"": 0, ""pres"": 966.7783, ""meas_profile"": ""HP-4"", ""meas_id"": 4, ""hum"": 34.4184, ""gas_res"": 36676.22}, {""temp"": 21.33538, ""step"": 3, ""status"": 0, ""pres"": 966.4117, ""meas_profile"": ""HP-3"", ""meas_id"": 3, ""hum"": 34.94424, ""gas_res"": 22237.67}, {""temp"": 21.2404, ""step"": 3, ""status"": 0, ""pres"": 966.5753, ""meas_profile"": ""HP-2"", ""meas_id"": 2, ""hum"": 35.19212, ""gas_res"": 34069.74}, {""temp"": 21.00418, ""step"": 3, ""status"": 0, ""pres"": 966.6336, ""meas_profile"": ""HP-1"", ""meas_id"": 1, ""hum"": 33.60923, ""gas_res"": 22638.84}]}",NULL,"2025-10-27 11:14:18.254425"
12316,"04a600b9b0b8","2025-10-27 11:12:54","3BD6THmcxr5CtH17NyNC","{""bme688"": [{""temp"": 21.48943, ""step"": 2, ""status"": 1, ""pres"": 966.6619, ""meas_profile"": ""HP-8"", ""meas_id"": 8, ""hum"": 34.87615, ""gas_res"": 16546.02}, {""temp"": 21.45745, ""step"": 2, ""status"": 1, ""pres"": 966.8163, ""meas_profile"": ""HP-7"", ""meas_id"": 7, ""hum"": 34.75254, ""gas_res"": 22930.85}, {""temp"": 21.52649, ""step"": 2, ""status"": 1, ""pres"": 966.9221, ""meas_profile"": ""HP-6"", ""meas_id"": 6, ""hum"": 34.66317, ""gas_res"": 75161.48}, {""temp"": 21.42485, ""step"": 2, ""status"": 1, ""pres"": 966.7001, ""meas_profile"": ""HP-5"", ""meas_id"": 5, ""hum"": 34.84004, ""gas_res"": 224070.0}, {""temp"": 21.16461, ""step"": 2, ""status"": 1, ""pres"": 966.778, ""meas_profile"": ""HP-4"", ""meas_id"": 4, ""hum"": 34.41254, ""gas_res"": 327156.6}, {""temp"": 21.33415, ""step"": 2, ""status"": 1, ""pres"": 966.4098, ""meas_profile"": ""HP-3"", ""meas_id"": 3, ""hum"": 34.93262, ""gas_res"": 144714.5}, {""temp"": 21.23884, ""step"": 2, ""status"": 1, ""pres"": 966.5726, ""meas_profile"": ""HP-2"", ""meas_id"": 2, ""hum"": 35.17492, ""gas_res"": 254094.3}, {""temp"": 21.00263, ""step"": 2, ""status"": 1, ""pres"": 966.6331, ""meas_profile"": ""HP-1"", ""meas_id"": 1, ""hum"": 33.60909, ""gas_res"": 180154.8}]}",NULL,"2025-10-27 11:14:19.436015"
12317,"04a600b9b0b8","2025-10-27 11:12:54","3BD6THmcxr5CtH17NyNC","{""bme688"": [{""temp"": 21.4882, ""step"": 1, ""status"": 1, ""pres"": 966.6618, ""meas_profile"": ""HP-8"", ""meas_id"": 8, ""hum"": 34.87605, ""gas_res"": 7048.458}, {""temp"": 21.45621, ""step"": 1, ""status"": 1, ""pres"": 966.8161, ""meas_profile"": ""HP-7"", ""meas_id"": 7, ""hum"": 34.7411, ""gas_res"": 6974.717}, {""temp"": 21.52557, ""step"": 1, ""status"": 1, ""pres"": 966.9224, ""meas_profile"": ""HP-6"", ""meas_id"": 6, ""hum"": 34.65734, ""gas_res"": 23104.69}, {""temp"": 21.42391, ""step"": 1, ""status"": 1, ""pres"": 966.6985, ""meas_profile"": ""HP-5"", ""meas_id"": 5, ""hum"": 34.86266, ""gas_res"": 30338.94}, {""temp"": 21.16336, ""step"": 1, ""status"": 1, ""pres"": 966.7759, ""meas_profile"": ""HP-4"", ""meas_id"": 4, ""hum"": 34.41242, ""gas_res"": 32290.62}, {""temp"": 21.33291, ""step"": 1, ""status"": 1, ""pres"": 966.4094, ""meas_profile"": ""HP-3"", ""meas_id"": 3, ""hum"": 34.96127, ""gas_res"": 25000.0}, {""temp"": 21.23791, ""step"": 1, ""status"": 1, ""pres"": 966.5728, ""meas_profile"": ""HP-2"", ""meas_id"": 2, ""hum"": 35.17482, ""gas_res"": 26170.52}, {""temp"": 21.00169, ""step"": 1, ""status"": 1, ""pres"": 966.6334, ""meas_profile"": ""HP-1"", ""meas_id"": 1, ""hum"": 33.61484, ""gas_res"": 25000.0}]}",NULL,"2025-10-27 11:14:20.716753"
12318,"04a600b9b0b8","2025-10-27 11:12:54","3BD6THmcxr5CtH17NyNC","{""bme688"": [{""temp"": 21.48696, ""step"": 0, ""status"": 1, ""pres"": 966.6599, ""meas_profile"": ""HP-8"", ""meas_id"": 8, ""hum"": 34.88738, ""gas_res"": 5684.846}, {""temp"": 21.45465, ""step"": 0, ""status"": 1, ""pres"": 966.8151, ""meas_profile"": ""HP-7"", ""meas_id"": 7, ""hum"": 34.74096, ""gas_res"": 5684.846}, {""temp"": 21.52433, ""step"": 0, ""status"": 1, ""pres"": 966.9204, ""meas_profile"": ""HP-6"", ""meas_id"": 6, ""hum"": 34.68021, ""gas_res"": 6538.619}, {""temp"": 21.42297, ""step"": 0, ""status"": 1, ""pres"": 966.6987, ""meas_profile"": ""HP-5"", ""meas_id"": 5, ""hum"": 34.86824, ""gas_res"": 25000.0}, {""temp"": 21.16243, ""step"": 0, ""status"": 1, ""pres"": 966.7777, ""meas_profile"": ""HP-4"", ""meas_id"": 4, ""hum"": 34.44682, ""gas_res"": 20928.71}, {""temp"": 21.33167, ""step"": 0, ""status"": 1, ""pres"": 966.4091, ""meas_profile"": ""HP-3"", ""meas_id"": 3, ""hum"": 34.93814, ""gas_res"": 7344.503}, {""temp"": 21.23667, ""step"": 0, ""status"": 1, ""pres"": 966.5726, ""meas_profile"": ""HP-2"", ""meas_id"": 2, ""hum"": 35.18039, ""gas_res"": 6698.765}, {""temp"": 21.00014, ""step"": 0, ""status"": 1, ""pres"": 966.6329, ""meas_profile"": ""HP-1"", ""meas_id"": 1, ""hum"": 33.62054, ""gas_res"": 8109.478}]}",NULL,"2025-10-27 11:14:22.001849"
